program,config,k,alpha_pred,alpha_meas
hpccg,10,100,3.2049529122133027,3.06319850480865
hpccg,10,250,5.20960480198547,4.995665799007342
hpccg,10,500,8.475145810707103,8.131874835308958
hpccg,10,750,11.528514295101976,11.042706513495292
hpccg,10,1000,14.404931199695742,13.804231394071701
hpccg,10,2500,29.795714360668065,28.754243281471005
hpccg,10,5000,53.35876907504034,52.3229963934922
hpccg,10,7500,76.332191508671,74.65823226434323
hpccg,10,10000,99.09141965273506,96.87168673981155
hpccg,10,25000,233.76510143374847,229.45624876548436
hpccg,10,50000,454.5643762094304,458.9383977198973
hpccg,10,75000,673.0566178768712,649.7043783956536
hpccg,10,100000,890.3865180074313,904.7285269247886
hpccg,12,100,2.3979083990133425,2.3257089839280307
hpccg,12,250,3.897246439540301,3.790402851422411
hpccg,12,500,6.355906702269086,6.192474033517754
hpccg,12,750,8.665187379029133,8.445596423896017
hpccg,12,1000,10.846879797862725,10.552801002811831
hpccg,12,2500,22.56668983025652,22.05296677211139
hpccg,12,5000,40.572423148966855,39.80580191277537
hpccg,12,7500,58.166052736859896,56.89755391273562
hpccg,12,10000,75.62200450767443,73.8767388805983
hpccg,12,25000,179.31038696465848,177.61163254870263
hpccg,12,50000,350.2150916928872,351.38041314492705
hpccg,12,75000,519.656935833848,517.0892762810354
hpccg,12,100000,688.1212875787251,679.2423668937673
hpccg,14,100,1.9944824371049927,1.9547912076448088
hpccg,14,250,3.242445608669962,3.179765542936986
hpccg,14,500,5.296399867966075,5.204172035648966
hpccg,14,750,7.230412326470109,7.108347254859628
hpccg,14,1000,9.060310814531595,8.89456652695057
hpccg,14,2500,18.906197209795646,18.638962000329002
hpccg,14,5000,34.05142619568768,33.559054954132584
hpccg,14,7500,48.86456678394463,48.27930573032137
hpccg,14,10000,63.5734456772212,62.6500299141884
hpccg,14,25000,151.12434621773946,148.02280068789898
hpccg,14,50000,295.9002418504119,291.53039790144425
hpccg,14,75000,439.7877231798223,438.4611896304134
hpccg,14,100000,582.9786038406751,570.4194607775657
hpccg,16,100,1.771449726119325,1.745429379207398
hpccg,16,250,2.8809104571508137,2.8428399171134813
hpccg,16,500,4.711011863418298,4.643258247991792
hpccg,16,750,6.436926451122118,6.345394874174099
hpccg,16,1000,8.071355719037467,7.979281512328669
hpccg,16,2500,16.871274772809105,16.616899845832894
hpccg,16,5000,30.411774074288665,30.20515790686507
hpccg,16,7500,43.66103184788192,43.21258323349186
hpccg,16,10000,56.822606981601965,56.11293471374866
hpccg,16,25000,135.25948897014334,133.98900955660903
hpccg,16,50000,265.2141808657095,263.340389671678
hpccg,16,75000,394.5947998929037,392.966670355429
hpccg,16,100000,523.5092591016439,517.1692992095751
hpccg,20,100,1.55422869146477,1.542145946862081
hpccg,20,250,2.529409962948657,2.510923427371953
hpccg,20,500,4.142094431125365,4.108167752271477
hpccg,20,750,5.665679178424047,5.6231317579202615
hpccg,20,1000,7.109828511605623,7.055554238683806
hpccg,20,2500,14.88725262342797,14.779591582961439
hpccg,20,5000,26.851048391455446,26.652755208426605
hpccg,20,7500,38.56003236905588,38.22486356829625
hpccg,20,10000,50.19566123677268,49.79811895808026
hpccg,20,25000,119.62349661952388,119.03128048112583
hpccg,20,50000,234.8911919837712,234.27802929974234
hpccg,20,75000,349.86015935897933,346.45007514915966
hpccg,20,100000,464.5914353690859,463.94079856875663
hpccg,24,100,1.4598868596546382,1.4528354433066402
hpccg,24,250,2.377209548285989,2.3674445502829475
hpccg,24,500,3.89628529804612,3.8798777992977556
hpccg,24,750,5.332830571577528,5.304572206260851
hpccg,24,1000,6.695089013520226,6.663543412999537
hpccg,24,2500,14.03012117163941,13.973631525630072
hpccg,24,5000,25.307013440728937,25.233291310148108
hpccg,24,7500,36.34315524941039,36.16275487551352
hpccg,24,10000,47.31136924493475,47.09015815183678
hpccg,24,25000,112.78966832736512,112.44882782984544
hpccg,24,50000,221.60692122558504,221.2129127397803
hpccg,24,75000,330.243154386139,329.6232639548372
hpccg,24,100000,438.735874286425,438.0602219685143
hpccg,28,100,1.4125421046404414,1.409390539346735
hpccg,28,250,2.3011229855659394,2.296898574849685
hpccg,28,500,3.7738490221144505,3.765614211151384
hpccg,28,750,5.167413463452495,5.15778840875004
hpccg,28,1000,6.489251833854186,6.478753862168394
hpccg,28,2500,13.60466776670337,13.574492068132802
hpccg,28,5000,24.53782204959696,24.51478079697913
hpccg,28,7500,35.236393375332625,35.13230538441104
hpccg,28,10000,45.86948195062008,45.766446331375654
hpccg,28,25000,109.3618982945778,109.1120831259333
hpccg,28,50000,214.930446274921,215.0358239885226
hpccg,28,75000,320.3774986723669,319.4307749475402
hpccg,28,100000,425.73170678860936,426.8271929162702
lulesh,5,100,8.123967119361332,7.685384725425915
lulesh,5,250,13.170758401328827,12.014134931087574
lulesh,5,500,20.511510994014824,17.916815870239766
lulesh,5,750,27.058013044976857,23.486301742425617
lulesh,5,1000,33.018674078878604,28.37788298869321
lulesh,5,2500,61.33059391354045,53.240930181579046
lulesh,5,5000,95.72402437210872,85.05435337720515
lulesh,5,7500,124.36581671143702,110.85178000912826
lulesh,5,10000,150.65607504687034,136.2655165158847
lulesh,5,25000,293.4363426558086,254.20976886175316
lulesh,5,50000,517.5978879712405,430.6475564256954
lulesh,5,75000,737.9484129965894,614.099241466498
lulesh,5,100000,957.1025446398191,786.8029965580076
lulesh,8,100,3.388517245418002,3.832019363945245
lulesh,8,250,5.498282179257506,6.113479217446382
lulesh,8,500,8.778288246345388,9.447427510940075
lulesh,8,750,11.919605250113223,12.517804504058324
lulesh,8,1000,14.962561483862206,15.4740171261595
lulesh,8,2500,31.700698282764996,31.995747182139638
lulesh,8,5000,55.57790344365356,55.6351367804528
lulesh,8,7500,76.05570161306224,75.25672753119434
lulesh,8,10000,94.12389290460987,92.96530677802762
lulesh,8,25000,177.07182968906693,172.62727787885112
lulesh,8,50000,283.91366746641256,273.4497637795276
lulesh,8,75000,380.8185295946533,352.34796371826866
lulesh,8,100000,474.231319603204,442.89292455236443
lulesh,10,100,2.5731893705587137,2.961377245047214
lulesh,10,250,4.169405525089864,4.625410956695698
lulesh,10,500,6.643733029854023,7.030795898236701
lulesh,10,750,9.035871449330536,9.338584521266824
lulesh,10,1000,11.379778885133524,11.606108145154465
lulesh,10,2500,24.753205956907077,24.382059787683783
lulesh,10,5000,45.112627259095774,44.38420956238631
lulesh,10,7500,63.61191024528952,62.26248677987748
lulesh,10,10000,80.60490088477222,78.70546243394251
lulesh,10,25000,161.7336718492262,157.2423524668649
lulesh,10,50000,259.5637811671008,250.4618657248071
lulesh,10,75000,341.02507918744533,322.30560648710065
lulesh,10,100000,416.1831329454095,393.95959595959596
lulesh,12,100,2.185716571759162,2.570345734757006
lulesh,12,250,3.5485691247331506,4.006239689954877
lulesh,12,500,5.65528437709387,6.08580987497694
lulesh,12,750,7.696845263646275,8.085334808287707
lulesh,12,1000,9.705554802535849,10.07550295708943
lulesh,12,2500,21.350842528149062,21.558527461274444
lulesh,12,5000,39.68019573975543,39.784306744652596
lulesh,12,7500,56.92753670286485,56.678646417024126
lulesh,12,10000,73.23580199768018,72.68660445657717
lulesh,12,25000,156.1284723218138,153.181371141109
lulesh,12,50000,259.6547664073662,252.274834982907
lulesh,12,75000,342.148217415187,329.14572112507483
lulesh,12,100000,414.70596561614417,399.06311290487145
lulesh,15,100,2.7193672801549384,3.257155177663961
lulesh,15,250,4.499193061075442,4.991006948385435
lulesh,15,500,7.197656706281086,7.2170990255239476
lulesh,15,750,9.805827399268862,9.148945909937908
lulesh,15,1000,12.376584930655788,10.9755295816415
lulesh,15,2500,27.435841783854777,21.075254522915245
lulesh,15,5000,51.70493117669606,37.288487487244964
lulesh,15,7500,75.16870337855515,52.789463768560424
lulesh,15,10000,97.9096065651436,67.89738074230549
lulesh,15,25000,221.43047404747315,153.71934627252497
lulesh,15,50000,390.553436972093,274.5038714527956
lulesh,15,75000,529.3753795421663,379.2040140997051
lulesh,15,100000,648.940448204542,473.0341338657753
lulesh,18,100,2.587052466374029,3.1757587818174406
lulesh,18,250,4.27147643649238,4.840079805246224
lulesh,18,500,6.836391212260242,6.872207494726091
lulesh,18,750,9.32615057699048,8.616863111962967
lulesh,18,1000,11.78792764286472,10.249659915514599
lulesh,18,2500,26.317001955311603,19.247424249090184
lulesh,18,5000,50.02260879845615,33.51739177853843
lulesh,18,7500,73.24263341689309,47.499896266994924
lulesh,18,10000,96.02488363722136,61.27952586428017
lulesh,18,25000,224.52159125618635,141.94551017434802
lulesh,18,50000,412.66836593791584,263.5057344487007
lulesh,18,75000,575.8269373178157,371.07601877913976
lulesh,18,100000,720.1758132745612,475.75239137511863
lulesh,20,100,2.5591862498209434,3.090161750490739
lulesh,20,250,4.226233201273296,4.65010881578152
lulesh,20,500,6.749493144719716,6.539751748088327
lulesh,20,750,9.19625929199842,8.15507749856942
lulesh,20,1000,11.616610454305237,9.662573349184283
lulesh,20,2500,25.936674972714005,18.005828039967437
lulesh,20,5000,49.41376476242195,31.33307852596482
lulesh,20,7500,72.5266552785975,44.43843208887999
lulesh,20,10000,95.31137186609,57.598829171784985
lulesh,20,25000,225.81469138208,133.6851270930655
lulesh,20,50000,422.803681667114,252.42313085453287
lulesh,20,75000,598.7652039536159,361.6123783922422
lulesh,20,100000,757.823926952022,467.06360445473945
