workload,d_hat,d_meas,d_ast,error,weight,pc1,pc2
2mm,10.374714467595973,10.745840203414774,4.407764926458123,82.74933056528306,2.165152337075032e-36,-1.4580092030685976,-0.35273480296411264
3mm,10.901270108512106,11.299019538968416,5.810761729743164,82.00978132257113,4.439506388751435e-40,-2.0035049563560396,-0.11570901771924877
adi,11.8629562690139,12.223181280667232,6.68733964231522,88.69976265065296,2.755633458178631e-47,-2.9577969682700522,-0.320077606709192
bicg,0.7603808834171516,1.263467863722798,2.2393249654872855,6.044126570665492,0.3799560560993888,8.499628829804761,0.6806179312203219
cholesky,14.190823638851839,14.586249803585677,4.1461601283259055,87.91556350268313,2.97594060673464e-67,-5.324588945098668,0.9118682480357018
correlation,9.199609534400844,9.54585509840411,4.458962007639297,83.23862999944491,8.09049182550801e-29,-0.24955238421053483,-0.6959009723660042
covariance,9.30106880820404,9.641781663417401,1.980199571042984,83.31919817583703,1.9499491603973078e-29,-0.362366884563093,-0.6637469234649154
doitgen,7.38709046083757,7.769476034130689,2.2018859346446793,78.87483697467886,6.386986313170468e-19,1.5918069229757468,-0.5236884599901862
fdtd-2d,10.980509760361917,11.329262769139003,6.4757529840571415,86.9416447894977,1.192650602210776e-40,-2.0564945460993966,-0.5027151044511706
floyd-warshall,15.293161370363785,15.68312581708679,3.445546213128781,92.36127468508658,5.940423414300525e-78,-6.398745795479796,1.2539996201495505
gemm,9.908696213433553,10.260500767122169,2.243609873931149,83.27099230397309,2.801179281160501e-33,-0.9561376122259213,-0.7507498796838444
gemver,1.752863699541758,2.2155959759161075,4.679681502007031,38.94233719677847,0.057354014886990615,7.169279852469236,0.5078665405294821
gesummv,1.6364222806890265,1.4153181864759914,2.037471959785552,64.23486423995584,0.07735497408170737,10.39087764431022,0.5190176205556051
gramschmidt,10.128295153403666,10.519506556303194,4.309286412661589,82.90118777905111,9.971865625337136e-35,-1.1942815252582486,-0.2537324063674439
heat-3d,12.810939006008864,13.187594479694749,5.996816533642079,88.6888324250622,5.493162400555407e-55,-3.9215395631070256,-0.012359931069463412
jacobi-2d,11.771964741442334,12.154476326575939,2.3507209678876237,87.95855335927394,1.4067484851095398e-46,-2.84982248057537,-0.4064739430532337
lu,14.377742946256388,14.769190535930298,4.213262975696021,88.33020658347519,5.195519866951993e-69,-5.514715004749307,1.0097537544409636
ludcmp,13.962259937746262,14.351680650745058,6.508025323340182,87.64099883817538,3.9086424472488406e-65,-5.101565467110818,0.8016088377235419
mvt,0.5366437403639225,1.0427876392909625,2.4368552130297725,6.694427254057247,0.4734434644816551,8.8095538331913,0.504297152806977
nussinov,10.541190254371065,10.931323928901172,9.092170863951772,85.33559702937649,1.5458826470018098e-37,-1.6810110671702505,0.39966737194090357
seidel-2d,13.729335846065245,14.120659938156862,2.429382664309547,90.38708972948675,5.193422330239266e-63,-4.867423163087485,0.6341807657856783
symm,8.96687650841905,9.327841254985406,2.5373408446798416,80.93685960298676,1.9946288030639502e-27,-0.024751143650570337,-0.6278527221958592
syr2k,9.451422336436899,9.8270218457905,1.7468985543338402,81.68355057345929,2.3004363665918433e-30,-0.5325862786667546,-0.43824083127126734
syrk,8.84514992056219,9.210752545149598,1.544901175750047,82.26070455641911,1.0319476825367699e-26,0.13041342457582844,-0.6396092763272472
trisolv,2.268960064834933,1.9953220576368054,2.0222619556596806,82.58073719787173,0.011891490450258247,10.913624518676881,0.2086449690041768
trmm,9.093533375576069,9.431476952894812,1.0911111760722731,84.96246849321065,3.5220772903325813e-28,-0.05029203725604046,-1.1279309345597135
