kernel,graph,scale,block,hand_bytes,hand_refs,auto_bytes,auto_refs
pr,uniform,10,0,131072,65536.0,131072,65536.0
pr,uniform,10,1,4096,68608.0,4096,68591.0
pr,uniform,10,2,8,2.0,8,2.0
pr,uniform,10,3,16,4.0,16,3.0
pr,uniform,10,4,8200,67586.0,8200,67568.0
pr,uniform,10,5,131072,610910.7698998335,131072,617582.1871871647
pr,uniform,10,6,8200,4099.0,8200,5123.0
pr,uniform,10,7,4096,4096.0,4096,4096.0
pr,uniform,10,8,8,2.0,8,2.0
pr,uniform,10,9,16,4.0,16,3.0
pr,uniform,10,10,8200,2050.0,8200,2049.0
pr,uniform,10,11,128808,676242.0,128832,676368.0
pr,uniform,10,12,8200,86099.0,8200,86019.0
pr,uniform,10,13,4096,41984.0,4096,41984.0
pr,uniform,10,14,4096,665544.0,4096,665664.0
bfs,uniform,10,0,131072,65536.0,131072,65536.0
bfs,uniform,10,1,4096,68608.0,4096,68591.0
bfs,uniform,10,2,8,2.0,8,2.0
bfs,uniform,10,3,16,4.0,16,3.0
bfs,uniform,10,4,8200,67586.0,8200,67568.0
bfs,uniform,10,5,131072,610910.7698998335,131072,617582.1871871647
bfs,uniform,10,6,8200,4099.0,8200,5123.0
bfs,uniform,10,7,4096,4096.0,4096,4096.0
bfs,uniform,10,8,8,2.0,8,2.0
bfs,uniform,10,9,16,4.0,16,3.0
bfs,uniform,10,10,8200,2050.0,8200,2049.0
bfs,uniform,10,11,128808,33802.0,128832,33894.0
bfs,uniform,10,12,8200,4961.0,8200,4861.0
bfs,uniform,10,13,4096,6721.0,4096,6381.0
bfs,uniform,10,14,4096,1248.0,4096,1366.0
bfs,uniform,10,15,128,832.0,128,714.0
bfs,uniform,10,16,128,3460.0,128,16287.0
bfs,uniform,10,17,65536,58.0,65536,74.0
bfs,uniform,10,18,65536,1188.0,65536,1290.0
bfs,uniform,10,19,65536,0.0,65536,0.0
tc,uniform,10,0,131072,65536.0,131072,65536.0
tc,uniform,10,1,4096,68608.0,4096,68591.0
tc,uniform,10,2,8,2.0,8,2.0
tc,uniform,10,3,16,4.0,16,3.0
tc,uniform,10,4,8200,67586.0,8200,67568.0
tc,uniform,10,5,131072,610910.7698998335,131072,617582.1871871647
tc,uniform,10,6,8200,4099.0,8200,5123.0
tc,uniform,10,7,4096,4096.0,4096,4096.0
tc,uniform,10,8,8,2.0,8,2.0
tc,uniform,10,9,16,4.0,16,3.0
tc,uniform,10,10,8200,2050.0,8200,2049.0
tc,uniform,10,11,128808,603100.0,128832,585010.0
tc,uniform,10,12,8200,22198.0,8200,38286.0
tc,uniform,10,13,8000,25018.146997790383,8000,24019.146997790383
