kernel,graph,scale,source,truth,program_fp,baseline_fp,fp_error,alpha_mape,references
pr,uniform,10,hand,897411,424704.0,475500.031484343,0.31123214272423616,4.879904854938223,2425086.7698998335
pr,uniform,10,auto,897411,424813.0,475500.031484343,0.32337819397611517,4.87872074868378,2426865.1871871646
pr,uniform,11,hand,1319259,846768.0,475500.031484343,0.22808496923978622,4.205139621443734,4874741.549707387
pr,uniform,11,auto,1319259,846821.0,475500.031484343,0.23210237598099473,4.197790838549814,4876995.470171826
pr,uniform,12,hand,2162811,1690512.0,475500.031484343,0.14800329221291697,3.4383341898771214,9769078.632130181
pr,uniform,12,auto,2162811,1690565.0,475500.031484343,0.15045380684410758,3.4477332000961947,9773839.61192404
pr,uniform,13,hand,3850332,3378080.0,475500.031484343,0.08435717970146761,2.7503718303326807,19559640.515803955
pr,uniform,13,auto,3850332,3377965.0,475500.031484343,0.08137042427362398,2.7557979848728014,19566733.902624086
pr,uniform,14,hand,7225605,6753000.0,475500.031484343,0.04006628489023565,1.8935753157273298,39137928.61373931
pr,uniform,14,auto,7225605,6753197.0,475500.031484343,0.04279270018694782,1.9107962027953709,39155404.54592896
pr,uniform,15,hand,14368885,13896504.0,475500.031484343,0.02170684422864482,1.3535359574468127,78300174.71648356
pr,uniform,15,auto,14368885,13896717.0,475500.031484343,0.02318921394626731,1.3790529971346963,78333552.06956458
pr,uniform,16,hand,28262574,27790304.0,475500.031484343,0.01142865290451999,0.9969117556453503,156625609.03841335
pr,uniform,16,auto,28262574,27790309.0,475500.031484343,0.011446344145239961,1.0224254741611296,156688222.04902306
pr,uniform,17,hand,56049929,55577568.0,475500.031484343,0.0056004200903503575,0.6949192266519174,313272711.0263254
pr,uniform,17,auto,56049929,55577637.0,475500.031484343,0.005723524617387315,0.7404948024921072,313393907.404683
pr,uniform,18,hand,111624529,111151912.0,475500.031484343,0.00258279386275006,0.6173865588819032,626566469.1163087
pr,uniform,18,auto,111624529,111152037.0,475500.031484343,0.002694776418125501,0.6616987378086568,626808088.7082671
pr,kron,10,hand,856430,384888.0,474035.6649305212,0.29116973138741964,5.748429655316556,2674525.115236307
pr,kron,10,auto,856430,384973.0,474035.6649305212,0.3010946522799619,5.968906539171057,2679761.115236307
pr,kron,11,hand,1244918,773952.0,474035.6649305212,0.24657567249580115,4.33080042356164,5650259.02222157
pr,kron,11,auto,1244918,774037.0,474035.6649305212,0.2534034314325343,4.677141992997129,5664589.022221571
pr,kron,12,hand,2031966,1561424.0,474035.6649305212,0.17193520612654334,3.069980895562538,11856237.924316965
pr,kron,12,auto,2031966,1561509.0,474035.6649305212,0.1761183469861837,3.4622561284749587,11891128.924316965
pr,kron,13,hand,3625162,3153720.0,474035.6649305212,0.07154618001957003,2.5813099371068473,24765373.56892445
pr,kron,13,auto,3625162,3153805.0,474035.6649305212,0.07389090282092345,3.0991439897863033,24845872.56892445
pr,kron,14,hand,6969277,6497464.0,474035.6649305212,0.03189233159367192,1.6032481568464583,51500247.620666444
pr,kron,14,auto,6969277,6497549.0,474035.6649305212,0.03311197030224958,2.192967468070357,51679292.620666444
pr,kron,15,hand,13708593,13241128.0,474035.6649305212,0.047930994307881045,1.5685058779184395,106837854.11067784
pr,kron,15,auto,13708593,13241213.0,474035.6649305212,0.04855104335303105,2.061940487597055,107226936.11067784
pr,kron,16,hand,27153618,26684568.0,474035.6649305212,0.018360959966817098,1.371923128413996,220915396.13136744
pr,kron,16,auto,27153618,26684653.0,474035.6649305212,0.01867399375848346,1.9778371725386168,221746212.13136744
pr,kron,17,hand,54190725,53723216.0,474035.6649305212,0.012043878229203322,1.277552601217057,455902168.9998113
pr,kron,17,auto,54190725,53723301.0,474035.6649305212,0.012200731639081119,2.026869620800784,457654728.99981123
pr,kron,18,hand,108516025,108044856.0,474035.6649305212,0.002641697325830394,1.3074112548819254,938394103.9123007
pr,kron,18,auto,108516025,108047869.0,474035.6649305212,0.00541824576648697,2.0989777340535873,942082991.793978
bfs,uniform,10,hand,904803,429576.0,472591.050440861,-0.29132856092861886,6.6406494219924355,1009359.7698998335
bfs,uniform,10,auto,904803,432402.0,472591.050440861,0.021004620990539225,6.772534716944641,1025759.1871871647
bfs,uniform,11,hand,1327435,851284.0,472591.050440861,-0.26818258966646863,5.6271046245131915,2020749.5497073869
bfs,uniform,11,auto,1327435,853938.0,472591.050440861,-0.06824812959874403,5.641150855470845,2033846.470171826
bfs,uniform,12,hand,2170471,1695304.0,472591.050440861,-0.11868159303391236,5.421767500690615,4063753.632130182
bfs,uniform,12,auto,2170471,1698862.0,472591.050440861,0.045245960017936765,5.3406838722662195,4079390.6119240387
bfs,uniform,13,hand,3854768,3380576.0,472591.050440861,-0.04153167088496863,4.077358465872587,8225094.515803954
bfs,uniform,13,auto,3854768,3385382.0,472591.050440861,0.0831450930603583,3.9724097446047,8336923.902624086
bfs,uniform,14,hand,7283289,6800760.0,472591.050440861,-0.13644865059094988,3.122696877677892,16133940.613739314
bfs,uniform,14,auto,7283289,6808438.0,472591.050440861,-0.031029244605549608,3.1686095810222734,16498781.545928964
bfs,uniform,15,hand,14373225,13899000.0,472591.050440861,-0.011368009330815372,2.50961542957992,32236389.71648357
bfs,uniform,15,auto,14373225,13901726.0,472591.050440861,0.007597810796539484,2.6938615570404565,32602093.069564577
bfs,uniform,16,hand,28266982,27792800.0,472591.050440861,-0.005628296502036281,1.7003300889504445,64549410.03841333
bfs,uniform,16,auto,28266982,27795318.0,472591.050440861,0.003279622992163701,1.9151781630618787,65071236.04902307
bfs,uniform,17,hand,56054297,55580064.0,472591.050440861,-0.0029292126509716555,1.4413739100497602,129706392.02632542
bfs,uniform,17,auto,56054297,55582646.0,472591.050440861,0.0016770354659211494,1.4381828647054882,130058609.40468296
bfs,uniform,18,hand,111628881,111154408.0,472591.050440861,-0.0016858984362095551,1.6273698424885124,262316878.11630875
bfs,uniform,18,auto,111628881,111157046.0,472591.050440861,0.0006772892768339896,1.742810211409412,265298624.7082671
bfs,kron,10,hand,860962,387580.0,474035.6649305212,0.07592262266177574,7.410208530727544,1709868.115236307
bfs,kron,10,auto,860962,391062.0,474035.6649305212,0.4803539448339506,7.383660630732955,1713911.115236307
bfs,kron,11,hand,1249798,776804.0,474035.6649305212,0.08334666326248544,5.440583853600084,3570472.02222157
bfs,kron,11,auto,1249798,779486.0,474035.6649305212,0.29794134176253106,5.8544354272713335,3589870.0222215704
bfs,kron,12,hand,2036554,1564120.0,474035.6649305212,0.07864583657105473,4.021536281658062,7472738.924316964
bfs,kron,12,auto,2036554,1571730.0,474035.6649305212,0.4523162622018016,4.335400838233984,7506822.924316964
bfs,kron,13,hand,3629578,3156216.0,474035.6649305212,0.018560420261557815,3.211938468086855,15538191.56892445
bfs,kron,13,auto,3629578,3171598.0,474035.6649305212,0.442356244459302,4.071460319121583,15694049.568924448
bfs,kron,14,hand,6997445,6501528.0,474035.6649305212,-0.31270463818548755,2.6927922230712653,32392649.62066644
bfs,kron,14,auto,6997445,6519310.0,474035.6649305212,-0.05858331247303107,3.5204340224776023,32603107.62066644
bfs,kron,15,hand,13713049,13243624.0,474035.6649305212,0.03362246376076231,2.3530138178538373,67284828.11067784
bfs,kron,15,auto,13713049,13246222.0,474035.6649305212,0.05256792220694741,3.4571075720034203,67848698.11067784
bfs,kron,16,hand,27158050,26687064.0,474035.6649305212,0.01122932217343455,1.881784837501286,139664737.13136744
bfs,kron,16,auto,27158050,26689662.0,474035.6649305212,0.020795546552578117,2.985500298368051,140715239.13136744
bfs,kron,17,hand,54195109,53725712.0,474035.6649305212,0.008559194761509644,2.4553944440367936,290245108.9998113
bfs,kron,17,auto,54195109,53728310.0,474035.6649305212,0.013352985286038344,3.722996150408734,292251432.99981123
bfs,kron,18,hand,108520377,108047352.0,474035.6649305212,0.0009313135085426785,2.333052480984336,600700750.9123007
bfs,kron,18,auto,108520377,108052878.0,474035.6649305212,0.0060234447310503186,3.8394350134894046,605374276.793978
cc,uniform,10,hand,897706,429656.0,473127.711200974,0.5656318662205612,7.803714396619048,1023070.7698998335
cc,uniform,10,auto,897706,429764.0,473127.711200974,0.5776625310484669,7.692804866980795,1107788.1871871646
cc,uniform,11,hand,1319626,851720.0,473127.711200974,0.3956962958424546,6.080873530021294,2040476.5497073869
cc,uniform,11,auto,1319626,851772.0,473127.711200974,0.39963680625980014,6.898686389989845,2214647.470171826
cc,uniform,12,hand,2163130,1695464.0,473127.711200974,0.25249112170669125,5.124218583469771,4075543.632130182
cc,uniform,12,auto,2163130,1695516.0,473127.711200974,0.254895045650236,6.535738692953454,4422898.611924039
cc,uniform,13,hand,3850619,3383032.0,473127.711200974,0.1438914418947694,4.465737001619065,8163523.515803954
cc,uniform,13,auto,3850619,3382916.0,473127.711200974,0.14087893922961348,6.7863820453672785,8894617.902624086
cc,uniform,14,hand,7225860,6757952.0,473127.711200974,0.07223653933198194,3.3196936267710293,16338744.613739314
cc,uniform,14,auto,7225860,6758148.0,473127.711200974,0.0749490192305684,6.209112634652268,17771629.545928963
cc,uniform,15,hand,14369108,13901456.0,473127.711200974,0.038107523452220425,2.4590722873150015,32754030.71648357
cc,uniform,15,auto,14369108,13901668.0,473127.711200974,0.039582910790112245,6.856407011802504,35741478.06956458
cc,uniform,16,hand,28262834,27795256.0,473127.711200974,0.019636074715560663,1.766356793088813,65536597.03841333
cc,uniform,16,auto,28262834,27795260.0,473127.711200974,0.01965022757793816,7.052329541033458,71499020.04902306
cc,uniform,17,hand,56050204,55582520.0,473127.711200974,0.009712205866324557,1.196644269456987,131118150.02632542
cc,uniform,17,auto,56050204,55582588.0,473127.711200974,0.00983352567454506,7.757257728841646,143237330.40468296
cc,uniform,18,hand,111624764,111156864.0,473127.711200974,0.004683289812794077,1.0461506534970626,262775245.11630875
cc,uniform,18,auto,111624764,111156988.0,473127.711200974,0.004794376273859295,8.295330885051294,287880161.7082671
cc,kron,10,hand,856817,389840.0,473127.711200974,0.7178558783233702,5.783748022162584,1717660.115236307
cc,kron,10,auto,856817,391236.0,473127.711200974,0.8807844850153476,6.6865904803032645,1782529.115236307
cc,kron,11,hand,1245345,778904.0,473127.711200974,0.5369364474080637,4.555408652009059,3586243.02222157
cc,kron,11,auto,1245345,780988.0,473127.711200974,0.7042796334328199,6.0158281230313415,3721609.0222215704
cc,kron,12,hand,2032417,1566376.0,473127.711200974,0.34868391678351196,3.500011453500882,7485962.924316964
cc,kron,12,auto,2032417,1569180.0,473127.711200974,0.4866477303119365,5.354220081780993,7769714.924316964
cc,kron,13,hand,3625537,3158672.0,473127.711200974,0.1727388577464235,2.8402608535644975,15600495.56892445
cc,kron,13,auto,3625537,3161780.0,473127.711200974,0.2584640896224187,5.4472987792021375,16186926.568924448
cc,kron,14,hand,6969605,6502416.0,473127.711200974,0.08520871987686461,2.459885065596382,32481352.62066644
cc,kron,14,auto,6969605,6506260.0,473127.711200974,0.1403624911451072,5.835101354672292,33768406.620666444
cc,kron,15,hand,13709017,13246080.0,473127.711200974,0.07433582729509258,2.3273009810693344,67551298.11067784
cc,kron,15,auto,13709017,13250196.0,473127.711200974,0.10435986184111437,6.14920000049172,70191698.11067784
cc,kron,16,hand,27154010,26689520.0,473127.711200974,0.03181007593712634,2.08956776013659,140268545.13136744
cc,kron,16,auto,27154010,26694612.0,473127.711200974,0.050562370717897216,6.384240879813301,145619467.13136744
cc,kron,17,hand,54191084,53728168.0,473127.711200974,0.018843895429319853,1.975989166441361,290748555.9998113
cc,kron,17,auto,54191084,53733260.0,473127.711200974,0.028240275099451567,6.879757460097012,301639700.99981123
cc,kron,18,hand,108516385,108049808.0,473127.711200974,0.006036610232609049,2.2255448755457055,602308397.9123007
cc,kron,18,auto,108516385,108058100.0,473127.711200974,0.01367785261273441,7.737938829095838,625780531.793978
bc,uniform,10,hand,908958,435396.0,473127.711200974,-0.047778753146575495,5.5293254506557785,1240802.7698998335
bc,uniform,10,auto,908958,444719.0,473127.711200974,0.9779012012627591,6.561794409955659,1332636.1871871646
bc,uniform,11,hand,1336334,865652.0,473127.711200974,0.18301646152638115,5.7531163520823725,2451681.5497073866
bc,uniform,11,auto,1336334,882435.0,473127.711200974,1.4389150617266306,5.963267923380663,2639064.470171826
bc,uniform,12,hand,2196774,1725780.0,473127.711200974,0.09712929964456746,5.389412470150817,4838853.632130181
bc,uniform,12,auto,2196774,1757715.0,473127.711200974,1.5508518946862058,6.628776003060831,5279920.611924039
bc,uniform,13,hand,3915731,3446116.0,473127.711200974,0.08970767401984331,5.286976802604979,9714244.515803954
bc,uniform,13,auto,3915731,3508623.0,473127.711200974,1.686012425291062,5.022330753806137,10153326.902624086
bc,uniform,14,hand,7479868,7017572.0,473127.711200974,0.14481152877261938,5.419403549160901,19754696.61373931
bc,uniform,14,auto,7479868,7005083.0,473127.711200974,-0.022156658366511945,6.866151578918549,20675172.545928963
bc,uniform,15,hand,14831980,14357688.0,473127.711200974,-0.007849854159897184,4.124739102683566,39814250.71648357
bc,uniform,15,auto,14831980,14360239.0,473127.711200974,0.009349467845661076,10.339911479326068,43601545.06956458
bc,uniform,16,hand,29118938,28644768.0,473127.711200974,-0.0035794189988148546,2.9633282524602915,78843075.03841333
bc,uniform,16,auto,29118938,28732327.0,473127.711200974,0.2971149263787535,10.504598241090255,87029250.04902306
bc,uniform,17,hand,57692748,57218464.0,473127.711200974,-0.002004218622113681,2.741406209684048,155420085.0263254
bc,uniform,17,auto,57692748,57519947.0,473127.711200974,0.5205623264833474,11.43828677834847,172717516.40468296
bc,uniform,18,hand,114840204,114365672.0,473127.711200974,-0.0012228198401951365,4.497683139250321,310073049.11630875
bc,uniform,18,auto,114840204,115202283.0,473127.711200974,0.7272772793062676,5.3532676502398315,320742027.7082671
bc,kron,10,hand,866981,395060.0,473127.711200974,0.139185426321217,6.439673382246027,1848512.115236307
bc,kron,10,auto,866981,402763.0,473127.711200974,1.0276708717923404,7.911392059534221,1932515.115236307
bc,kron,11,hand,1263141,791512.0,473127.711200974,0.11864955701492948,5.507608720620529,3886722.02222157
bc,kron,11,auto,1263141,805495.0,473127.711200974,1.2256518631707742,8.867049780423253,4199468.022221571
bc,kron,12,hand,2061337,1593720.0,473127.711200974,0.2673367431416576,4.503091848793166,8060520.924316964
bc,kron,12,auto,2061337,1615663.0,473127.711200974,1.3318400242645405,4.716263930764308,8243302.924316964
bc,kron,13,hand,3675629,3214924.0,473127.711200974,0.3379751112251522,5.198241860776034,16929796.56892445
bc,kron,13,auto,3675629,3256907.0,473127.711200974,1.480174174297078,5.197583295976101,17353312.56892445
bc,kron,14,hand,7168452,6718972.0,473127.711200974,0.32988588332563223,5.008981065845668,35341974.620666444
bc,kron,14,auto,7168452,6701659.0,473127.711200974,0.088369304850949,5.497140479769171,35860559.620666444
bc,kron,15,hand,14116761,13647448.0,473127.711200974,0.027022567010767422,5.667231601297811,73657821.11067784
bc,kron,15,auto,14116761,13642603.0,473127.711200974,-0.007298337054974001,5.328341279057824,74643775.11067784
bc,kron,16,hand,27899949,27428920.0,473127.711200974,0.007522276119482805,4.7488402108817285,152178875.13136744
bc,kron,16,auto,27899949,27497919.0,473127.711200974,0.25483097191674037,5.979730768950501,155531447.13136744
bc,kron,17,hand,55612060,55142416.0,473127.711200974,0.006264308858500983,4.021248442482236,314230336.9998113
bc,kron,17,auto,55612060,55288491.0,473127.711200974,0.26893215464590753,4.891637666166592,320274160.99981123
bc,kron,18,hand,111281585,110807968.0,473127.711200974,-0.00043968532532365434,3.136616742709035,651992765.9123007
bc,kron,18,auto,111281585,111235939.0,473127.711200974,0.38414416113948,10.901685962242109,694449247.793978
tc,uniform,10,hand,896709,427216.0,473127.711200974,0.40533898968048165,8.804174537885958,1610157.9168976238
tc,uniform,10,auto,896709,427329.0,473127.711200974,0.41794062521664777,9.396594271867146,1612782.334184955
tc,uniform,11,hand,1318581,849224.0,473127.711200974,0.2859673543736752,8.913168356359545,3210176.6967051774
tc,uniform,11,auto,1318581,849281.0,473127.711200974,0.2902901832328807,9.464963354324144,3212526.6171696163
tc,uniform,12,hand,2162141,1692968.0,473127.711200974,0.18290718324910127,8.751181115242112,6404751.779127972
tc,uniform,12,auto,2162141,1693025.0,473127.711200974,0.18554345905165068,9.445096178874724,6411658.758921829
tc,uniform,13,hand,3849590,3380536.0,473127.711200974,0.10582194989528626,8.62448354233357,12803719.662801744
tc,uniform,13,auto,3849590,3380425.0,473127.711200974,0.10293852594624234,9.362014265392341,12817509.049621876
tc,uniform,14,hand,7224791,6755456.0,473127.711200974,0.05249579124121307,9.27554175690347,25593921.760737106
tc,uniform,14,auto,7224791,6755657.0,473127.711200974,0.05527787864000426,10.033467260549868,25602341.692926757
tc,uniform,15,hand,14368071,13898960.0,473127.711200974,0.027955813977915907,9.775600451517063,51176507.86348136
tc,uniform,15,auto,14368071,13899177.0,473127.711200974,0.029466107182897983,10.568777078029523,51171271.21656237
tc,uniform,16,hand,28261830,27792760.0,473127.711200974,0.01435756708243904,10.207716325644986,102346748.18541113
tc,uniform,16,auto,28261830,27792769.0,473127.711200974,0.014389412154042686,11.090243088240982,102384331.19602086
tc,uniform,17,hand,56049167,55580024.0,473127.711200974,0.007109313865404783,10.806117754348382,204645145.1733232
tc,uniform,17,auto,56049167,55580097.0,473127.711200974,0.007239556657416303,11.706003653520442,204704567.55168074
tc,uniform,18,hand,111623775,111154368.0,473127.711200974,0.0033332605002540285,11.173488590756806,409308568.2633065
tc,uniform,18,auto,111623775,111154497.0,473127.711200974,0.0034488272780305368,12.086927438793344,409450690.8552649
tc,kron,10,hand,960232,491916.0,473127.711200974,0.5010988178871304,9.019614411129758,2654697.6781024635
tc,kron,10,auto,960232,504265.0,473127.711200974,1.7871421907386913,8.991884091751972,2688454.6781024635
tc,kron,11,hand,1466944,999696.0,473127.711200974,0.40081360985654196,8.610084537030787,5912060.588683741
tc,kron,11,auto,1466944,1024337.0,473127.711200974,2.0805641661149945,8.414735455691073,5981484.588683742
tc,kron,12,hand,2500368,2033968.0,473127.711200974,0.2690688411055473,8.379251456772794,13205712.97200671
tc,kron,12,auto,2500368,2083185.0,473127.711200974,2.2374590940603123,7.972007204068192,13351221.97200671
tc,kron,13,hand,4605352,4137208.0,473127.711200974,0.10821564130111987,9.278168021467707,29709352.643667985
tc,kron,13,auto,4605352,4235569.0,473127.711200974,2.2440132958560812,8.682602989820534,30016441.64366798
tc,kron,14,hand,9131819,8727520.0,473127.711200974,0.753723997387321,8.978824255198846,67094926.56050296
tc,kron,14,auto,9131819,8727609.0,473127.711200974,0.7546986115359369,10.087565619883868,67738411.56050296
tc,kron,15,hand,18158456,17823944.0,473127.711200974,0.7633672774875511,10.234330138714487,153195313.47148746
tc,kron,15,auto,18158456,17824033.0,473127.711200974,0.763857407265105,11.180790776044509,154538716.47148746
tc,kron,16,hand,36265152,36060064.0,473127.711200974,0.7391109547837408,11.068771633148613,351625727.15929556
tc,kron,16,auto,36265152,36060153.0,473127.711200974,0.7393563694451767,11.937031223302835,354412608.15929556
tc,kron,17,hand,72784111,72835864.0,473127.711200974,0.7211473822919503,11.42522649435539,812143948.975662
tc,kron,17,auto,72784111,72835953.0,473127.711200974,0.7212696617273617,12.240055801912954,817893932.975662
tc,kron,18,hand,143153199,146876128.0,473127.711200974,2.9311651716571014,9.814525329676837,1885842434.5513
tc,kron,18,auto,143153199,146882073.0,473127.711200974,2.9353180652295325,10.572344617434384,1898404725.765711
sssp,uniform,10,hand,1246065,775020.0,473127.711200974,0.16714306243847235,8.433851193062472,1215508.7698998335
sssp,uniform,10,auto,1246065,760295.0,473127.711200974,-1.0145769922938248,9.144489219367676,1149635.1871871646
sssp,uniform,11,hand,2006901,1542936.0,473127.711200974,0.45656019908176587,8.018571703519887,2427224.5497073866
sssp,uniform,11,auto,2006901,1510103.0,473127.711200974,-1.1794447657869547,7.930254221981856,2290004.470171826
sssp,uniform,12,hand,3527385,3078204.0,473127.711200974,0.6788799975328451,8.203417137918187,4851723.632130181
sssp,uniform,12,auto,3527385,3009179.0,473127.711200974,-1.2779520466018326,7.649625830676007,4567989.611924039
sssp,uniform,13,hand,6552314,6151272.0,473127.711200974,1.1001565431841933,8.169777350363091,9702619.515803954
sssp,uniform,13,auto,6552314,6007143.0,473127.711200974,-1.0995091016551717,6.9673182092089005,9119846.902624086
sssp,uniform,14,hand,12708075,12292728.0,473127.711200974,0.45467713403465815,8.867986336183455,19403938.61373931
sssp,uniform,14,auto,12708075,12003943.0,473127.711200974,-1.817775617463897,6.538711099111352,18235427.545928963
sssp,uniform,15,hand,25281367,24977260.0,473127.711200974,0.668558433572737,9.516522715484927,38809104.71648357
sssp,uniform,15,auto,25281367,24390431.0,473127.711200974,-1.6526332962890224,6.136787103474984,36453370.06956458
sssp,uniform,16,hand,50007665,49957144.0,473127.711200974,0.8450838710445185,10.237449348123711,77625597.03841333
sssp,uniform,16,auto,50007665,48769743.0,473127.711200974,-1.5293541276102876,6.420451108497723,72901248.04902306
sssp,uniform,17,hand,99541319,99912580.0,473127.711200974,0.8482796085924554,10.951125980820652,155257691.0263254
sssp,uniform,17,auto,99541319,97528655.0,473127.711200974,-1.5466303885314525,6.905208962413623,145785340.40468296
sssp,uniform,18,hand,198234571,199816072.0,473127.711200974,1.0364633680373452,11.26036532553834,310514360.11630875
sssp,uniform,18,auto,198234571,195045971.0,473127.711200974,-1.3698278131310495,7.172572893516311,291556817.2082671
sssp,kron,10,hand,1151744,685144.0,473127.711200974,0.5667675456502443,6.357649706755174,1867430.1152363073
sssp,kron,10,auto,1151744,675647.0,473127.711200974,-0.2578080544831186,6.301669264664471,1861685.1152363073
sssp,kron,11,hand,1836392,1357208.0,473127.711200974,-0.32979281106790104,6.580099806732623,3897523.02222157
sssp,kron,11,auto,1836392,1359543.0,473127.711200974,-0.2026413096455468,6.107011378480005,3881898.0222215704
sssp,kron,12,hand,3220120,2744044.0,473127.711200974,-0.09155835183241773,6.925614541107674,8126718.924316964
sssp,kron,12,auto,3220120,2746071.0,473127.711200974,-0.028610387160293706,6.126982541182124,8084270.924316964
sssp,kron,13,hand,6021052,5552388.0,473127.711200974,0.07413507142894549,7.592648611287575,16918304.56892445
sssp,kron,13,auto,6021052,5553879.0,473127.711200974,0.09889818591458685,6.7273440903879935,16818284.56892445
sssp,kron,14,hand,11884119,11530184.0,473127.711200974,1.0029579071109511,7.341650064434013,35139738.620666444
sssp,kron,14,auto,11884119,11356575.0,473127.711200974,-0.4578908104086228,7.368921424317275,34955019.620666444
sssp,kron,15,hand,23666424,23424036.0,473127.711200974,0.9749665230411443,8.617636956086159,72931769.11067784
sssp,kron,15,auto,23666424,23074503.0,473127.711200974,-0.501948620539483,8.309350054411349,72470299.11067784
sssp,kron,16,hand,47212961,47219228.0,473127.711200974,1.0153879380727144,9.179010619622364,151074906.13136744
sssp,kron,16,auto,47212961,46553439.0,473127.711200974,-0.3947947446020704,8.774754581805192,150107507.13136744
sssp,kron,17,hand,94584663,95090212.0,473127.711200974,1.0347097300552495,9.965000743126323,312749314.9998113
sssp,kron,17,auto,94584663,93815063.0,473127.711200974,-0.31344647154796396,9.58403291874596,310729269.99981123
sssp,kron,18,hand,189701264,191261436.0,473127.711200974,1.071842995838437,10.342859464801455,646165192.9123007
sssp,kron,18,auto,189701264,188832663.0,473127.711200974,-0.20847161503310682,9.978419750427028,642514399.293978
