graph,degree,vertices
uniform,8,1
uniform,11,1
uniform,14,2
uniform,15,10
uniform,16,9
uniform,17,22
uniform,18,40
uniform,19,75
uniform,20,99
uniform,21,163
uniform,22,250
uniform,23,328
uniform,24,444
uniform,25,586
uniform,26,703
uniform,27,837
uniform,28,974
uniform,29,1039
uniform,30,1108
uniform,31,1152
uniform,32,1154
uniform,33,1093
uniform,34,1111
uniform,35,918
uniform,36,817
uniform,37,746
uniform,38,629
uniform,39,528
uniform,40,408
uniform,41,337
uniform,42,237
uniform,43,167
uniform,44,108
uniform,45,99
uniform,46,77
uniform,47,44
uniform,48,26
uniform,49,15
uniform,50,10
uniform,51,7
uniform,52,4
uniform,53,1
uniform,54,3
uniform,55,2
kron,0,3857
kron,1,2019
kron,2,1380
kron,3,986
kron,4,749
kron,5,529
kron,6,377
kron,7,310
kron,8,339
kron,9,335
kron,10,370
kron,11,357
kron,12,363
kron,13,284
kron,14,212
kron,15,158
kron,16,124
kron,17,66
kron,18,46
kron,19,31
kron,20,19
kron,21,10
kron,22,12
kron,23,25
kron,24,32
kron,25,45
kron,26,60
kron,27,70
kron,28,90
kron,29,101
kron,30,112
kron,31,122
kron,32,136
kron,33,119
kron,34,133
kron,35,141
kron,36,123
kron,37,121
kron,38,92
kron,39,94
kron,40,86
kron,41,57
kron,42,60
kron,43,40
kron,44,30
kron,45,25
kron,46,25
kron,47,10
kron,48,10
kron,49,6
kron,50,4
kron,51,4
kron,52,3
kron,53,1
kron,54,2
kron,57,1
kron,70,1
kron,76,1
kron,77,1
kron,78,2
kron,79,1
kron,80,1
kron,81,1
kron,82,3
kron,83,3
kron,84,3
kron,85,5
kron,86,11
kron,87,15
kron,88,19
kron,89,9
kron,90,11
kron,91,19
kron,92,20
kron,93,27
kron,94,23
kron,95,19
kron,96,47
kron,97,46
kron,98,34
kron,99,37
kron,100,51
kron,101,47
kron,102,38
kron,103,42
kron,104,48
kron,105,38
kron,106,35
kron,107,35
kron,108,36
kron,109,37
kron,110,29
kron,111,27
kron,112,21
kron,113,18
kron,114,20
kron,115,11
kron,116,15
kron,117,20
kron,118,13
kron,119,12
kron,120,6
kron,121,9
kron,122,7
kron,123,4
kron,124,8
kron,125,1
kron,126,6
kron,127,3
kron,129,1
kron,130,2
kron,133,1
kron,134,1
kron,244,1
kron,245,1
kron,254,1
kron,256,1
kron,257,1
kron,259,1
kron,260,1
kron,261,1
kron,262,1
kron,263,2
kron,265,1
kron,267,1
kron,268,1
kron,269,6
kron,270,2
kron,271,4
kron,272,5
kron,273,5
kron,274,4
kron,275,4
kron,276,8
kron,277,4
kron,278,7
kron,279,6
kron,280,8
kron,281,7
kron,282,10
kron,283,9
kron,284,11
kron,285,5
kron,286,9
kron,287,10
kron,288,5
kron,289,10
kron,290,9
kron,291,6
kron,292,8
kron,293,10
kron,294,16
kron,295,13
kron,296,9
kron,297,7
kron,298,9
kron,299,12
kron,300,3
kron,301,5
kron,302,5
kron,303,11
kron,304,7
kron,305,11
kron,306,4
kron,307,6
kron,308,8
kron,309,7
kron,310,2
kron,311,3
kron,312,5
kron,313,4
kron,314,8
kron,315,1
kron,317,2
kron,318,6
kron,319,4
kron,321,2
kron,322,1
kron,323,1
kron,324,1
kron,326,1
kron,328,1
kron,332,1
kron,333,2
kron,726,1
kron,727,1
kron,730,1
kron,732,2
kron,733,1
kron,734,1
kron,736,1
kron,737,1
kron,741,2
kron,742,1
kron,743,1
kron,744,1
kron,745,2
kron,749,2
kron,751,4
kron,752,3
kron,753,2
kron,755,1
kron,756,1
kron,757,4
kron,758,3
kron,759,2
kron,760,1
kron,762,1
kron,763,3
kron,764,3
kron,765,2
kron,766,1
kron,767,2
kron,768,1
kron,770,3
kron,771,2
kron,772,2
kron,774,7
kron,775,2
kron,777,1
kron,778,2
kron,780,1
kron,781,2
kron,782,4
kron,784,2
kron,786,1
kron,788,2
kron,790,2
kron,791,1
kron,797,1
kron,801,2
kron,807,1
kron,820,1
kron,1751,1
kron,1752,1
kron,1759,1
kron,1762,1
kron,1772,1
kron,1781,1
kron,1786,1
kron,1801,1
kron,1805,1
kron,1818,2
kron,1819,1
kron,1821,1
kron,1828,1
kron,3650,1
