count,bytes,addresses
1.0,464835.69250347454,98640.79018557262
2.0,0.0,0.0
4.0,0.0,0.0
8.0,0.0,0.0
16.0,0.0,0.0
32.0,0.0,0.0
64.0,5332.442641012247,0.0
128.0,2673.3677916121082,0.0
256.0,0.0,0.0
512.0,0.0,0.0
1024.0,0.0,0.0
2048.0,535.2859978787615,0.0
4096.0,118.00630184029829,0.0
8192.0,518.3367644965697,0.0
16384.0,0.0,0.0
32768.0,0.0,0.0
65536.0,0.0,10.590321239303544
131072.0,14.013143876835354,0.5780717145798852
262144.0,8.519786329848682,0.0
524288.0,0.0,0.0
1048576.0,0.0,0.0
2097152.0,0.0,0.0
4194304.0,0.0,0.0
8388608.0,0.0,0.0
16777216.0,0.0,0.0
33554432.0,0.0,0.0
67108864.0,0.0,0.0
