k,c,p
100,1.0,0.01
100,2.0,0.0199
100,3.0,0.029701
100,4.0,0.03940399
100,5.0,0.049009950100000005
100,6.0,0.058519850599
100,7.0,0.06793465209301
100,8.0,0.07725530557207991
100,9.0,0.0864827525163591
100,10.0,0.09561792499119552
100,11.0,0.10466174574128356
100,12.0,0.11361512828387071
100,13.0,0.12247897700103202
100,14.0,0.1312541872310217
100,15.0,0.1399416453587115
100,16.0,0.14854222890512436
100,17.0,0.15705680661607313
100,18.0,0.1654862385499124
100,20.0,0.18209306240276915
100,21.0,0.19027213177874144
100,23.0,0.2063857163563445
100,24.0,0.21432185919278104
100,26.0,0.22995685419484474
100,28.0,0.2452807127963673
100,30.0,0.2602996266117196
100,32.0,0.2750196640421464
100,34.0,0.28944677272770764
100,37.0,0.31055091413092206
100,40.0,0.3310282414303195
100,42.0,0.34434077942585617
100,46.0,0.3701763687967675
100,49.0,0.3888827604671347
100,52.0,0.40703355359850035
100,56.0,0.4303987975228406
100,60.0,0.45284335760923855
100,64.0,0.4744035124744377
100,69.0,0.5001629701008008
100,74.0,0.5246599579942928
100,79.0,0.5479563497335244
100,85.0,0.5744098766113451
100,91.0,0.5993153470484591
100,98.0,0.6265357195457306
100,105.0,0.6519068855075576
100,112.0,0.6755544701365741
100,120.0,0.7006196086876684
100,129.0,0.7265108489777835
100,138.0,0.750162943541547
100,148.0,0.7740518444660125
100,159.0,0.7976999728712226
100,170.0,0.8188730468740295
100,183.0,0.8410572908002123
100,196.0,0.8605244312247748
100,210.0,0.8788311836429514
100,225.0,0.8957877471701243
100,241.0,0.9112676674846985
100,258.0,0.9252036842731473
100,277.0,0.938205630767974
100,297.0,0.9494579567006811
100,318.0,0.9590746990236959
100,341.0,0.9675210965827895
100,365.0,0.9744820355477088
100,392.0,0.9805465657148275
100,420.0,0.9853181179426318
100,450.0,0.9891398063601221
100,482.0,0.992126573166394
100,517.0,0.9944614560421521
100,554.0,0.996181455931216
100,594.0,0.9974455018591297
100,637.0,0.998341868542599
100,683.0,0.9989556696244873
100,732.0,0.9993617917037564
100,784.0,0.9996215638945125
100,841.0,0.999786597915861
100,901.0,0.9998832356321633
100,966.0,0.9999392427678129
100,1035.0,0.9999696312855187
100,1110.0,0.999985708888643
100,1190.0,0.9999936043959172
100,1275.0,0.9999972780940692
100,1367.0,0.9999989202803261
100,1465.0,0.9999995967632689
100,1570.0,0.9999998596360704
100,1683.0,0.999999954914955
100,1804.0,0.9999999866373973
100,1934.0,0.9999999963820184
100,2073.0,0.9999999991051332
100,2222.0,0.9999999997998285
100,2382.0,0.9999999999599102
100,2553.0,0.9999999999928113
100,2736.0,0.9999999999988574
100,2933.0,0.9999999999998422
100,3144.0,0.9999999999999811
100,3370.0,0.999999999999998
100,3612.0,0.9999999999999998
100,3872.0,1.0
100,4150.0,1.0
100,4449.0,1.0
100,4769.0,1.0
100,5111.0,1.0
100,5479.0,1.0
100,5873.0,1.0
100,6295.0,1.0
100,6748.0,1.0
100,7233.0,1.0
100,7753.0,1.0
100,8310.0,1.0
100,8907.0,1.0
100,9548.0,1.0
100,10234.0,1.0
100,10970.0,1.0
100,11758.0,1.0
100,12604.0,1.0
100,13510.0,1.0
100,14481.0,1.0
100,15522.0,1.0
100,16638.0,1.0
100,17834.0,1.0
100,19116.0,1.0
100,20491.0,1.0
100,21964.0,1.0
100,23543.0,1.0
100,25235.0,1.0
100,27050.0,1.0
100,28994.0,1.0
100,31079.0,1.0
100,33313.0,1.0
100,35708.0,1.0
100,38275.0,1.0
100,41027.0,1.0
100,43976.0,1.0
100,47138.0,1.0
100,50526.0,1.0
100,54159.0,1.0
100,58052.0,1.0
100,62226.0,1.0
100,66699.0,1.0
100,71494.0,1.0
100,76634.0,1.0
100,82143.0,1.0
100,88049.0,1.0
100,94379.0,1.0
100,101164.0,1.0
100,108437.0,1.0
100,116232.0,1.0
100,124588.0,1.0
100,133545.0,1.0
100,143146.0,1.0
100,153437.0,1.0
100,164468.0,1.0
100,176291.0,1.0
100,188965.0,1.0
100,202550.0,1.0
100,217112.0,1.0
100,232720.0,1.0
100,249451.0,1.0
100,267384.0,1.0
100,286607.0,1.0
100,307211.0,1.0
100,329297.0,1.0
100,352971.0,1.0
100,378346.0,1.0
100,405546.0,1.0
100,434701.0,1.0
100,465953.0,1.0
100,499451.0,1.0
100,535357.0,1.0
100,573844.0,1.0
100,615099.0,1.0
100,659319.0,1.0
100,706718.0,1.0
100,757525.0,1.0
100,811984.0,1.0
100,870359.0,1.0
100,932930.0,1.0
100,1000000.0,1.0
1000,1.0,0.001
1000,2.0,0.001999
1000,3.0,0.0029970009999999996
1000,4.0,0.003994003999
1000,5.0,0.004990009995001
1000,6.0,0.005985019985005999
1000,7.0,0.006979034965020993
1000,8.0,0.007972055930055972
1000,9.0,0.008964083874125917
1000,10.0,0.009955119790251791
1000,11.0,0.010945164670461539
1000,12.0,0.011934219505791075
1000,13.0,0.012922285286285286
1000,14.0,0.013909363000999
1000,15.0,0.014895453637998001
1000,16.0,0.015880558184360002
1000,17.0,0.016864677626175644
1000,18.0,0.01784781294854947
1000,20.0,0.01981113517046532
1000,21.0,0.020791324035294854
1000,23.0,0.0227487621785483
1000,24.0,0.02372601341636975
1000,26.0,0.025677585115550426
1000,28.0,0.02762525562290444
1000,30.0,0.029569032736914254
1000,32.0,0.03150892424047316
1000,34.0,0.03344493790091646
1000,37.0,0.03634170438858247
1000,40.0,0.039229789264188186
1000,42.0,0.04115036891544908
1000,46.0,0.04498001817644045
1000,49.0,0.047842214016985636
1000,52.0,0.05069583185373451
1000,56.0,0.05448735649757807
1000,60.0,0.0582637377768318
1000,64.0,0.062025036174154446
1000,69.0,0.06670554061870612
1000,74.0,0.07136268929929783
1000,79.0,0.07599659876142519
1000,85.0,0.08152677758405157
1000,91.0,0.08702385817590388
1000,98.0,0.09339555059192421
1000,105.0,0.09972277474378678
1000,112.0,0.10600584097706198
1000,120.0,0.11313281241393619
1000,129.0,0.12108276426866783
1000,138.0,0.12896145208817839
1000,148.0,0.13763274517456753
1000,159.0,0.14707149678504577
1000,170.0,0.15640693970486372
1000,183.0,0.16730808989552795
1000,196.0,0.17806837231347974
1000,210.0,0.1895009176849735
1000,225.0,0.20157366918923691
1000,241.0,0.21425312499160232
1000,258.0,0.22750449273439388
1000,277.0,0.24205055620361357
1000,297.0,0.2570663950870428
1000,318.0,0.2725129684034978
1000,341.0,0.2890623978732647
1000,365.0,0.3059301129595253
1000,392.0,0.3244283994085875
1000,420.0,0.34309123756649995
1000,450.0,0.3625153942680619
1000,482.0,0.3826018484145375
1000,517.0,0.40384744056319943
1000,554.0,0.42551264064874844
1000,594.0,0.448049658691038
1000,637.0,0.47129185624005093
1000,683.0,0.49507315815640557
1000,732.0,0.5192299761868074
1000,784.0,0.5436030124743569
1000,841.0,0.5689024069602493
1000,901.0,0.5940197640773407
1000,966.0,0.6195815021935389
1000,1035.0,0.644957523751075
1000,1110.0,0.6706240153620087
1000,1190.0,0.6959598144382833
1000,1275.0,0.720747231023187
1000,1367.0,0.7453038355014678
1000,1465.0,0.7690913240184596
1000,1570.0,0.7921181778997528
1000,1683.0,0.8143407104100582
1000,1804.0,0.8355095231241496
1000,1934.0,0.8555710582753888
1000,2073.0,0.8743226274994298
1000,2222.0,0.8917283293337269
1000,2382.0,0.9077443539920352
1000,2553.0,0.9222516034773816
1000,2736.0,0.935259539192021
1000,2933.0,0.9468409799032516
1000,3144.0,0.9569577483318245
1000,3370.0,0.9656682989978145
1000,3612.0,0.9730509492505862
1000,3872.0,0.9792235945942424
1000,4150.0,0.9842682825435392
1000,4449.0,0.9883357419941007
1000,4769.0,0.9915313662747811
1000,5111.0,0.9939853505162571
1000,5479.0,0.9958379241539072
1000,5873.0,0.9971938405075742
1000,6295.0,0.9981602941787675
1000,6748.0,0.9988307306951296
1000,7233.0,0.9992802588415978
1000,7753.0,0.9995722104060901
1000,8310.0,0.9997549768279459
1000,8907.0,0.9998651646928398
1000,9548.0,0.9999289962016918
1000,10234.0,0.9999642557240129
1000,10970.0,0.9999828838596483
1000,11758.0,0.9999922194452857
1000,12604.0,0.9999966625589739
1000,13510.0,0.9999986518260445
1000,14481.0,0.999999489688917
1000,15522.0,0.999999819902268
1000,16638.0,0.9999999410351628
1000,17834.0,0.9999999821796175
1000,19116.0,0.9999999950583393
1000,20491.0,0.9999999987514118
1000,21964.0,0.9999999997139886
1000,23543.0,0.9999999999410764
1000,25235.0,0.9999999999891583
1000,27050.0,0.9999999999982362
1000,28994.0,0.9999999999997478
1000,31079.0,0.9999999999999687
1000,33313.0,0.9999999999999967
1000,35708.0,0.9999999999999997
1000,38275.0,1.0
1000,41027.0,1.0
1000,43976.0,1.0
1000,47138.0,1.0
1000,50526.0,1.0
1000,54159.0,1.0
1000,58052.0,1.0
1000,62226.0,1.0
1000,66699.0,1.0
1000,71494.0,1.0
1000,76634.0,1.0
1000,82143.0,1.0
1000,88049.0,1.0
1000,94379.0,1.0
1000,101164.0,1.0
1000,108437.0,1.0
1000,116232.0,1.0
1000,124588.0,1.0
1000,133545.0,1.0
1000,143146.0,1.0
1000,153437.0,1.0
1000,164468.0,1.0
1000,176291.0,1.0
1000,188965.0,1.0
1000,202550.0,1.0
1000,217112.0,1.0
1000,232720.0,1.0
1000,249451.0,1.0
1000,267384.0,1.0
1000,286607.0,1.0
1000,307211.0,1.0
1000,329297.0,1.0
1000,352971.0,1.0
1000,378346.0,1.0
1000,405546.0,1.0
1000,434701.0,1.0
1000,465953.0,1.0
1000,499451.0,1.0
1000,535357.0,1.0
1000,573844.0,1.0
1000,615099.0,1.0
1000,659319.0,1.0
1000,706718.0,1.0
1000,757525.0,1.0
1000,811984.0,1.0
1000,870359.0,1.0
1000,932930.0,1.0
1000,1000000.0,1.0
10000,1.0,0.0001
10000,2.0,0.00019999000000000001
10000,3.0,0.000299970001
10000,4.0,0.0003999400039999
10000,5.0,0.0004999000099995
10000,6.0,0.0005998500199985001
10000,7.0,0.0006997900349965002
10000,8.0,0.0007997200559930007
10000,9.0,0.0008996400839874014
10000,10.0,0.0009995501199790025
10000,11.0,0.0010994501649670045
10000,12.0,0.001199340219950508
10000,13.0,0.0012992202859285129
10000,14.0,0.0013990903638999201
10000,15.0,0.00149895045486353
10000,16.0,0.0015988005598180437
10000,17.0,0.001698640679762062
10000,18.0,0.0017984708156940858
10000,20.0,0.001998101139515655
10000,21.0,0.0020979013294017035
10000,23.0,0.0022974717701148366
10000,24.0,0.002397242022937825
10000,26.0,0.0025967525985056577
10000,28.0,0.0027962232739534828
10000,30.0,0.0029956540572609247
10000,32.0,0.003195044956406013
10000,34.0,0.0033943959793651815
10000,37.0,0.003693347763399857
10000,40.0,0.003992209870867576
10000,42.0,0.004191401468815502
10000,46.0,0.004589665163695199
10000,49.0,0.004888258402831455
10000,52.0,0.00518676207295347
10000,56.0,0.005584627683309166
10000,60.0,0.005982334171291065
10000,64.0,0.006379881600538571
10000,69.0,0.0068765923076621665
10000,74.0,0.007373054709098303
10000,79.0,0.007869268928975
10000,85.0,0.00846439856784908
10000,91.0,0.00905917121819738
10000,98.0,0.009752621735450058
10000,105.0,0.010445586982941001
10000,112.0,0.011138067300257149
10000,120.0,0.011928880020445135
10000,129.0,0.012817788405809067
10000,138.0,0.013705897093558534
10000,148.0,0.014691747482453249
10000,159.0,0.015775044803227015
10000,170.0,0.016857151092582755
10000,183.0,0.018134470225848822
10000,196.0,0.019410129840185343
10000,210.0,0.020782063678463813
10000,225.0,0.02224986284952351
10000,241.0,0.02381309031616186
10000,258.0,0.02547128111200204
10000,277.0,0.027321220177720654
10000,297.0,0.029264730756066244
10000,318.0,0.031301237567910214
10000,341.0,0.033526795628343126
10000,365.0,0.03584366580790623
10000,392.0,0.03844350653995783
10000,420.0,0.0411322331861919
10000,450.0,0.04400466930222441
10000,482.0,0.047059117361918035
10000,517.0,0.050388746684911195
10000,554.0,0.053895991283441816
10000,594.0,0.05767303704590744
10000,637.0,0.06171654539177142
10000,683.0,0.0660229522770584
10000,732.0,0.07058847342864179
10000,784.0,0.07540910988482788
10000,841.0,0.080664548504924
10000,901.0,0.08616432039128229
10000,966.0,0.09208528438115064
10000,1035.0,0.09832864373058851
10000,1110.0,0.10506621829839276
10000,1190.0,0.11219748203093727
10000,1275.0,0.11971219639256742
10000,1367.0,0.12777410563930539
10000,1465.0,0.13628059485486987
10000,1570.0,0.14530265103016737
10000,1683.0,0.1549068453915823
10000,1804.0,0.1650713614529817
10000,1934.0,0.17585572274582006
10000,2073.0,0.18723264426417102
10000,2222.0,0.1992536996549214
10000,2382.0,0.2119643198680414
10000,2553.0,0.2253258315587326
10000,2736.0,0.23937413720106498
10000,2933.0,0.2542125701593995
10000,3144.0,0.26978460085974304
10000,3370.0,0.2861031901618897
10000,3612.0,0.30317296904304736
10000,3872.0,0.3210578550349671
10000,4150.0,0.3396734221272042
10000,4449.0,0.35912589568937525
10000,4769.0,0.3793102048617283
10000,5111.0,0.4001799327774501
10000,5479.0,0.4218531615579763
10000,5873.0,0.4441903319328052
10000,6295.0,0.46715860907244383
10000,6748.0,0.4907589211539599
10000,7233.0,0.5148689252840168
10000,7753.0,0.539452264075107
10000,8310.0,0.564404645582527
10000,8907.0,0.5896498822553057
10000,9548.0,0.6151292607141019
10000,10234.0,0.6406473905144072
10000,10970.0,0.6661471171856863
10000,11758.0,0.6914461183254277
10000,12604.0,0.7164772817775931
10000,13510.0,0.7410363447899346
10000,14481.0,0.7650006215716832
10000,15522.0,0.7882348952754392
10000,16638.0,0.8105979350204422
10000,17834.0,0.8319492355613451
10000,19116.0,0.8521704837438112
10000,20491.0,0.8711623844599753
10000,21964.0,0.8888094438323337
10000,23543.0,0.905051223054886
10000,25235.0,0.9198316261906708
10000,27050.0,0.9331387203560303
10000,28994.0,0.9449517375626273
10000,31079.0,0.9553122294982601
10000,33313.0,0.9642593497710582
10000,35708.0,0.9718716848077976
10000,38275.0,0.9782402073884559
10000,41027.0,0.9834754008161578
10000,43976.0,0.9876958650051965
10000,47138.0,0.9910314898184027
10000,50526.0,0.9936089240650695
10000,54159.0,0.9955558684816496
10000,58052.0,0.9969890218292782
10000,62226.0,0.9980165373543755
10000,66699.0,0.9987318974073811
10000,71494.0,0.9992149455612287
10000,76634.0,0.9995304722687414
10000,82143.0,0.9997293572147999
10000,88049.0,0.9998500697353575
10000,94379.0,0.999920390086106
10000,101164.0,0.999959609092238
10000,108437.0,0.9999804833424
10000,116232.0,0.9999910493213232
10000,124588.0,0.9999961190204759
10000,133545.0,0.9999984153829197
10000,143146.0,0.9999993933511886
10000,153437.0,0.9999997832382984
10000,164468.0,0.9999999280735951
10000,176291.0,0.9999999779506236
10000,188965.0,0.9999999937921107
10000,202550.0,0.9999999984043949
10000,217112.0,0.9999999996280589
10000,232720.0,0.9999999999219104
10000,249451.0,0.9999999999853466
10000,267384.0,0.9999999999975617
10000,286607.0,0.9999999999996434
10000,307211.0,0.9999999999999546
10000,329297.0,0.999999999999995
10000,352971.0,0.9999999999999996
10000,378346.0,1.0
10000,405546.0,1.0
10000,434701.0,1.0
10000,465953.0,1.0
10000,499451.0,1.0
10000,535357.0,1.0
10000,573844.0,1.0
10000,615099.0,1.0
10000,659319.0,1.0
10000,706718.0,1.0
10000,757525.0,1.0
10000,811984.0,1.0
10000,870359.0,1.0
10000,932930.0,1.0
10000,1000000.0,1.0
100000,1.0,1e-05
100000,2.0,1.99999e-05
100000,3.0,2.9999700001000004e-05
100000,4.0,3.9999400003999996e-05
100000,5.0,4.999900000999996e-05
100000,6.0,5.9998500019999856e-05
100000,7.0,6.999790003499965e-05
100000,8.0,7.999720005599931e-05
100000,9.0,8.999640008399875e-05
100000,10.0,9.999550011999793e-05
100000,11.0,0.00010999450016499672
100000,12.0,0.00011999340021999507
100000,13.0,0.00012999220028599287
100000,14.0,0.00013999090036399
100000,15.0,0.00014998950045498637
100000,16.0,0.00015998800055998182
100000,17.0,0.0001699864006799762
100000,18.0,0.00017998470081596944
100000,20.0,0.00019998100113995159
100000,21.0,0.00020997900132994018
100000,23.0,0.0002299747017709115
100000,24.0,0.00023997240202389377
100000,26.0,0.00025996750259985057
100000,28.0,0.00027996220327579526
100000,30.0,0.000299956504059726
100000,32.0,0.00031995040495964047
100000,34.0,0.0003399439059835363
100000,37.0,0.00036993340776933964
100000,40.0,0.00039992200987908625
100000,42.0,0.00041991391147888087
100000,46.0,0.0004598965151783684
100000,49.0,0.0004898824184218815
100000,52.0,0.0005198674220972931
100000,56.0,0.0005598460277163275
100000,60.0,0.0005998230342151243
100000,64.0,0.0006397984416576471
100000,69.0,0.0006897654523853561
100000,74.0,0.0007397299648124955
100000,79.0,0.0007896919790639773
100000,85.0,0.0008496430987497555
100000,91.0,0.0009095906214582781
100000,98.0,0.0009795248520598843
100000,105.0,0.0010494541874122075
100000,112.0,0.0011193786278579053
100000,120.0,0.0011992862807578737
100000,129.0,0.001289174749393934
100000,138.0,0.0013790551283914079
100000,148.0,0.0014789127292041495
100000,159.0,0.0015887445571027095
100000,170.0,0.0016985643041042581
100000,183.0,0.0018283357042790333
100000,196.0,0.0019580902351839656
100000,210.0,0.002097807020732938
100000,225.0,0.0022474818721608335
100000,241.0,0.002407110302589794
100000,258.0,0.002576687527253393
100000,277.0,0.002766180901651036
100000,297.0,0.0029656087191649414
100000,318.0,0.0031749650049376957
100000,341.0,0.0034042095450784638
100000,365.0,0.0036433650307608327
100000,392.0,0.003912346352998808
100000,420.0,0.00419121324716964
100000,450.0,0.004489912569555976
100000,482.0,0.004808426425170754
100000,517.0,0.005156684268536323
100000,554.0,0.005524710046521413
100000,594.0,0.005922422603254695
100000,637.0,0.006349786208596741
100000,683.0,0.006806762479225649
100000,732.0,0.007293310384382584
100000,784.0,0.007809386252011793
100000,841.0,0.00837477657725377
100000,901.0,0.008969576227571451
100000,966.0,0.009613539911976887
100000,1035.0,0.010296674276655832
100000,1110.0,0.011038677195093143
100000,1190.0,0.011829533822796485
100000,1275.0,0.012669126039772275
100000,1367.0,0.013577057271073273
100000,1465.0,0.014543283058118302
100000,1570.0,0.015577474736226447
100000,1683.0,0.016689249477625904
100000,1804.0,0.01787834188524341
100000,1934.0,0.01915427688303458
100000,2073.0,0.020516712138487735
100000,2222.0,0.021975062788124448
100000,2382.0,0.023538659294884696
100000,2553.0,0.025206989700127462
100000,2736.0,0.02698923856514036
100000,2933.0,0.028904192491020518
100000,3144.0,0.03095105468017624
100000,3370.0,0.03313864332827294
100000,3612.0,0.03547563060124078
100000,3872.0,0.03798014919922833
100000,4150.0,0.040650863724821226
100000,4449.0,0.043515047874074085
100000,4769.0,0.0465709229923961
100000,5111.0,0.04982609719094716
100000,5479.0,0.053316328639743685
100000,5873.0,0.05703894255287454
100000,6295.0,0.061009873512642566
100000,6748.0,0.06525390002810327
100000,7233.0,0.06977646514022265
100000,7753.0,0.07460109673100299
100000,8310.0,0.07974126566312766
100000,8907.0,0.0852188707749615
100000,9548.0,0.09106389372640442
100000,10234.0,0.09727788811559981
100000,10970.0,0.10389756566191197
100000,11758.0,0.11093113933653932
100000,12604.0,0.11842097268015475
100000,13510.0,0.12637204567451718
100000,14481.0,0.13481396348127922
100000,15522.0,0.14377387765348693
100000,16638.0,0.1532762866250461
100000,17834.0,0.1633428346179288
100000,19116.0,0.17400037198506224
100000,20491.0,0.1852801967578547
100000,21964.0,0.197193124909668
100000,23543.0,0.2097699529848535
100000,25235.0,0.2230282303399759
100000,27050.0,0.23700313196462183
100000,28994.0,0.25169262008970594
100000,31079.0,0.26713337690582917
100000,33313.0,0.2833241736531382
100000,35708.0,0.3002847311070804
100000,38275.0,0.318017931333893
100000,41027.0,0.33653027226243826
100000,43976.0,0.35581040808114084
100000,47138.0,0.3758611110385215
100000,50526.0,0.39665283987386746
100000,54159.0,0.4181791566690013
100000,58052.0,0.4403943292246784
100000,62226.0,0.46327161400288963
100000,66699.0,0.4867505706767834
100000,71494.0,0.5107802846248986
100000,76634.0,0.5352909795437696
100000,82143.0,0.560199518997472
100000,88049.0,0.5854221073332153
100000,94379.0,0.6108516785578267
100000,101164.0,0.636379689302108
100000,108437.0,0.6618871021240863
100000,116232.0,0.6872420816963973
100000,124588.0,0.7123141605380598
100000,133545.0,0.73696197547038
100000,143146.0,0.7610419241635127
100000,153437.0,0.7844101829687676
100000,164468.0,0.8069272510344039
100000,176291.0,0.8284565710850745
100000,188965.0,0.848876734642965
100000,202550.0,0.8680734733388547
100000,217112.0,0.8859514285152766
100000,232720.0,0.9024325783717579
100000,249451.0,0.9174641448876188
100000,267384.0,0.9310141156043538
100000,286607.0,0.9430786239244396
100000,307211.0,0.9536774020669376
100000,329297.0,0.9628572419518449
100000,352971.0,0.9706871018131303
100000,378346.0,0.9772565688838419
100000,405546.0,0.9826728436574576
100000,434701.0,0.9870548196673374
100000,465953.0,0.9905293079641359
100000,499451.0,0.9932251291336576
100000,535357.0,0.9952688963222885
100000,573844.0,0.9967803051544883
100000,615099.0,0.9978686948813742
100000,659319.0,0.9986303813919305
100000,706718.0,0.9991473959778521
100000,757525.0,0.9994870272722578
100000,811984.0,0.999702435812358
100000,870359.0,0.999834018383255
100000,932930.0,0.9999112197770068
100000,1000000.0,0.9999546023401924
