kernel,scale,graph,seconds,coverage,parallel
pr,10,uniform,2.0,1.0,6
pr,11,uniform,2.0,1.0,6
pr,12,uniform,3.0,1.0,6
pr,13,uniform,4.0,1.0,6
pr,14,uniform,6.0,1.0,6
pr,15,uniform,12.0,1.0,6
pr,16,uniform,21.0,1.0,6
pr,17,uniform,48.0,1.0,6
pr,18,uniform,94.0,1.0,6
bfs,10,uniform,2.0,1.0,6
bfs,11,uniform,2.0,1.0,6
bfs,12,uniform,3.0,1.0,6
bfs,13,uniform,4.0,1.0,6
bfs,14,uniform,6.0,1.0,6
bfs,15,uniform,10.0,1.0,6
bfs,16,uniform,17.0,1.0,6
bfs,17,uniform,35.0,1.0,6
bfs,18,uniform,64.0,1.0,6
pr,10,kron,2.0,1.0,6
pr,11,kron,2.0,1.0,6
pr,12,kron,3.0,1.0,6
pr,13,kron,4.0,1.0,6
pr,14,kron,7.0,1.0,6
pr,15,kron,13.0,1.0,6
pr,16,kron,27.0,1.0,6
pr,17,kron,51.0,1.0,6
pr,18,kron,102.0,1.0,6
bfs,10,kron,2.0,1.0,6
bfs,11,kron,2.0,1.0,6
bfs,12,kron,6.0,1.0,6
bfs,13,kron,8.0,1.0,6
bfs,14,kron,14.0,1.0,6
bfs,15,kron,19.0,1.0,6
bfs,16,kron,31.0,1.0,6
bfs,17,kron,68.0,1.0,6
bfs,18,kron,78.0,1.0,6
cc,10,uniform,2.0,1.0,6
cc,11,uniform,2.0,1.0,6
cc,12,uniform,2.0,1.0,6
cc,13,uniform,3.0,1.0,6
cc,14,uniform,5.0,1.0,6
cc,15,uniform,9.0,1.0,6
cc,16,uniform,18.0,1.0,6
cc,17,uniform,35.0,1.0,6
cc,18,uniform,63.0,1.0,6
cc,10,kron,2.0,1.0,6
cc,11,kron,2.0,1.0,6
cc,12,kron,3.0,1.0,6
cc,13,kron,3.0,1.0,6
cc,14,kron,6.0,1.0,6
cc,15,kron,10.0,1.0,6
cc,16,kron,18.0,1.0,6
cc,17,kron,40.0,1.0,6
cc,18,kron,75.0,1.0,6
sssp,10,uniform,3.0,1.0,6
sssp,11,uniform,4.0,1.0,6
sssp,12,uniform,5.0,0.9999,6
sssp,13,uniform,7.0,1.0,6
sssp,14,uniform,13.0,1.0,6
sssp,15,uniform,24.0,1.0,6
sssp,16,uniform,49.0,1.0,6
sssp,17,uniform,90.0,1.0,6
sssp,18,uniform,182.0,1.0,6
sssp,10,kron,2.0,1.0,6
sssp,11,kron,3.0,1.0,6
sssp,12,kron,4.0,1.0,6
sssp,13,kron,7.0,1.0,6
sssp,14,kron,15.0,1.0,6
sssp,15,kron,25.0,1.0,6
sssp,16,kron,51.0,1.0,6
sssp,17,kron,101.0,1.0,6
sssp,18,kron,190.0,1.0,6
tc,10,uniform,7.0,1.0,6
tc,11,uniform,8.0,1.0,6
tc,12,uniform,10.0,1.0,6
tc,13,uniform,12.0,1.0,6
tc,14,uniform,16.0,1.0,6
tc,15,uniform,25.0,1.0,6
tc,16,uniform,41.0,1.0,6
tc,17,uniform,66.0,1.0,6
tc,18,uniform,125.0,1.0,6
tc,10,kron,8.0,1.0,6
tc,11,kron,12.0,1.0,6
tc,12,kron,23.0,1.0,6
tc,13,kron,45.0,1.0,6
tc,14,kron,87.0,1.0,6
tc,15,kron,182.0,1.0,6
tc,16,kron,296.0,1.0,6
tc,17,kron,574.0,1.0,6
tc,18,kron,1100.0,1.0,6
bc,10,uniform,2.0,1.0,6
bc,11,uniform,3.0,1.0,6
bc,12,uniform,3.0,1.0,6
bc,13,uniform,4.0,1.0,6
bc,14,uniform,8.0,1.0,6
bc,15,uniform,16.0,1.0,6
bc,16,uniform,30.0,1.0,6
bc,17,uniform,52.0,1.0,6
bc,18,uniform,82.0,1.0,6
bc,10,kron,2.0,1.0,6
bc,11,kron,3.0,1.0,6
bc,12,kron,3.0,1.0,6
bc,13,kron,4.0,1.0,6
bc,14,kron,7.0,1.0,6
bc,15,kron,13.0,1.0,6
bc,16,kron,27.0,1.0,6
bc,17,kron,51.0,1.0,6
bc,18,kron,124.0,1.0,6
