workload,split,config,method,seconds,x_native,x_full_trace
2mm,EXTRA,MEDIUM,native,0.087708,1.0,0.0010892895654398083
2mm,EXTRA,MEDIUM,instrumentation only,3.575763,40.768949240662195,0.04440919100179853
2mm,EXTRA,MEDIUM,full trace,80.518535,918.0295412049072,1.0
2mm,EXTRA,MEDIUM,static-fp,2.579,29.404387285082322,0.032029892247791146
2mm,EXTRA,MEDIUM,static-alpha,6.50455,74.16142199115247,0.08078326313314071
2mm,EXTRA,MEDIUM,pooled-static,6.50455,74.16142199115247,0.08078326313314071
2mm,EXTRA,MEDIUM,nn-static,6.50455,74.16142199115247,0.08078326313314071
2mm,EXTRA,MEDIUM,mix-static,6.50455,74.16142199115247,0.08078326313314071
2mm,EXTRA,MEDIUM,nn-ast,3.95355,45.076275824326174,0.0491011169043252
2mm,EXTRA,MEDIUM,mean,3.92555,44.757034706070144,0.04875337088534956
2mm,EXTRA,MEDIUM,own,48.682789,555.0552857208008,0.6046159309778798
2mm,EXTRA,MEDIUM,nn-measured,84.444085,962.7865759109774,1.0487533708853496
2mm,EXTRA,MEDIUM,mix-measured,84.444085,962.7865759109774,1.0487533708853496
2mm,EXTRA,MEDIUM,oracle,80.518535,918.0295412049072,1.0
2mm,INTER,SMALL2,native,0.013063,1.0,0.0015468111983304906
2mm,INTER,SMALL2,instrumentation only,1.649143,126.24534946030774,0.19527772028235016
2mm,INTER,SMALL2,full trace,8.445116,646.4913113373651,1.0
2mm,INTER,SMALL2,static-fp,0.338,25.87460767051979,0.04002313289716802
2mm,INTER,SMALL2,static-alpha,2.12802,162.90438643496898,0.2519823291947677
2mm,INTER,SMALL2,pooled-static,2.12802,162.90438643496898,0.2519823291947677
2mm,INTER,SMALL2,nn-static,2.12802,162.90438643496898,0.2519823291947677
2mm,INTER,SMALL2,mix-static,2.12802,162.90438643496898,0.2519823291947677
2mm,INTER,SMALL2,nn-ast,1.83002,140.09186251243972,0.2166956617292172
2mm,INTER,SMALL2,mean,1.79002,137.0297787644492,0.21195919629759968
2mm,INTER,SMALL2,own,118.620678,9080.661256985379,14.046068520550811
2mm,INTER,SMALL2,nn-measured,10.235136,783.5210901018144,1.2119591962975997
2mm,INTER,SMALL2,mix-measured,10.235136,783.5210901018144,1.2119591962975997
2mm,INTER,SMALL2,oracle,8.445116,646.4913113373651,1.0
3mm,EXTRA,MEDIUM,native,0.263765,1.0,0.0025029399925154253
3mm,EXTRA,MEDIUM,instrumentation only,3.683438,13.964847496824824,0.034953175289181786
3mm,EXTRA,MEDIUM,full trace,105.382071,399.53015373533253,1.0
3mm,EXTRA,MEDIUM,static-fp,3.891,14.751767671980739,0.03692278926649677
3mm,EXTRA,MEDIUM,static-alpha,9.072983,34.39797926184293,0.0860960779561829
3mm,EXTRA,MEDIUM,pooled-static,9.072983,34.39797926184293,0.0860960779561829
3mm,EXTRA,MEDIUM,nn-static,9.072983,34.39797926184293,0.0860960779561829
3mm,EXTRA,MEDIUM,mix-static,9.072983,34.39797926184293,0.0860960779561829
3mm,EXTRA,MEDIUM,nn-ast,5.211983,19.759949197202054,0.049457967095750094
3mm,EXTRA,MEDIUM,mean,5.181983,19.646211589862187,0.04917328868968612
3mm,EXTRA,MEDIUM,own,77.549277,294.0089738972191,0.7358868189257735
3mm,EXTRA,MEDIUM,nn-measured,110.564054,419.17636532519475,1.049173288689686
3mm,EXTRA,MEDIUM,mix-measured,110.564054,419.17636532519475,1.049173288689686
3mm,EXTRA,MEDIUM,oracle,105.382071,399.53015373533253,1.0
3mm,INTER,SMALL2,native,0.01783,1.0,0.0013134505066729253
3mm,INTER,SMALL2,instrumentation only,1.971115,110.55047672462143,0.14520257966688743
3mm,INTER,SMALL2,full trace,13.574931,761.3533931575996,1.0
3mm,INTER,SMALL2,static-fp,0.46,25.79921480650589,0.0338859917593688
3mm,INTER,SMALL2,static-alpha,2.416367,135.52254627033093,0.1780021570643711
3mm,INTER,SMALL2,pooled-static,2.416367,135.52254627033093,0.1780021570643711
3mm,INTER,SMALL2,nn-static,2.416367,135.52254627033093,0.1780021570643711
3mm,INTER,SMALL2,mix-static,2.416367,135.52254627033093,0.1780021570643711
3mm,INTER,SMALL2,nn-ast,1.9893669999999999,111.57414469994391,0.1465471168877396
3mm,INTER,SMALL2,mean,1.956367,109.72333146382502,0.1441161653050023
3mm,INTER,SMALL2,own,166.130801,9317.487436904094,12.238058594920298
3mm,INTER,SMALL2,nn-measured,15.531298,871.0767246214247,1.1441161653050023
3mm,INTER,SMALL2,mix-measured,15.531298,871.0767246214247,1.1441161653050023
3mm,INTER,SMALL2,oracle,13.574931,761.3533931575996,1.0
adi,EXTRA,MEDIUM,native,0.424119,1.0,0.0030994042950192023
adi,EXTRA,MEDIUM,instrumentation only,4.030776,9.50387980731823,0.02945636589414839
adi,EXTRA,MEDIUM,full trace,136.838876,322.64264510667994,1.0
adi,EXTRA,MEDIUM,static-fp,4.145,9.77320044610121,0.030291099438729676
adi,EXTRA,MEDIUM,static-alpha,9.565475,22.553752602453553,0.06990319768484506
adi,EXTRA,MEDIUM,pooled-static,9.565475,22.553752602453553,0.06990319768484506
adi,EXTRA,MEDIUM,nn-static,9.565475,22.553752602453553,0.06990319768484506
adi,EXTRA,MEDIUM,mix-static,9.565475,22.553752602453553,0.06990319768484506
adi,EXTRA,MEDIUM,nn-ast,5.448474999999999,12.846571363225884,0.039816718459453
adi,EXTRA,MEDIUM,mean,5.420475,12.780552156352343,0.039612098246115376
adi,EXTRA,MEDIUM,own,66.450317,156.67847231555294,0.4856099300318719
adi,EXTRA,MEDIUM,nn-measured,142.259351,335.4231972630323,1.0396120982461154
adi,EXTRA,MEDIUM,mix-measured,142.259351,335.4231972630323,1.0396120982461154
adi,EXTRA,MEDIUM,oracle,136.838876,322.64264510667994,1.0
adi,INTER,SMALL2,native,0.020439,1.0,0.0015856053503610647
adi,INTER,SMALL2,instrumentation only,1.757293,85.97744508048339,0.13632629692998907
adi,INTER,SMALL2,full trace,12.890345,630.6739566514996,1.0
adi,INTER,SMALL2,static-fp,0.315,15.411712901805373,0.02443689443533125
adi,INTER,SMALL2,static-alpha,2.231477,109.17740593962523,0.17311227899641166
adi,INTER,SMALL2,pooled-static,2.231477,109.17740593962523,0.17311227899641166
adi,INTER,SMALL2,nn-static,2.231477,109.17740593962523,0.17311227899641166
adi,INTER,SMALL2,mix-static,2.231477,109.17740593962523,0.17311227899641166
adi,INTER,SMALL2,nn-ast,1.949477,95.38025343705661,0.15123544016859128
adi,INTER,SMALL2,mean,1.916477,93.76569303781986,0.1486753845610804
adi,INTER,SMALL2,own,186.89485,9144.031019130094,14.498824507800217
adi,INTER,SMALL2,nn-measured,14.806822,724.4396496893195,1.1486753845610804
adi,INTER,SMALL2,mix-measured,14.806822,724.4396496893195,1.1486753845610804
adi,INTER,SMALL2,oracle,12.890345,630.6739566514996,1.0
atax,EXTRA,MEDIUM,native,0.007782,1.0,0.0025906313157457585
atax,EXTRA,MEDIUM,instrumentation only,1.514589,194.6272166538165,0.5042073623598115
atax,EXTRA,MEDIUM,full trace,3.003901,386.00629658185557,1.0
atax,EXTRA,MEDIUM,static-fp,0.326,41.891544590079675,0.10852554728002022
atax,EXTRA,MEDIUM,static-alpha,1.8740780000000001,240.82215368799797,0.6238814128694654
atax,EXTRA,MEDIUM,pooled-static,1.8740780000000001,240.82215368799797,0.6238814128694654
atax,EXTRA,MEDIUM,nn-static,1.8740780000000001,240.82215368799797,0.6238814128694654
atax,EXTRA,MEDIUM,mix-static,1.8740780000000001,240.82215368799797,0.6238814128694654
atax,EXTRA,MEDIUM,nn-ast,1.576078,202.52865587252637,0.5246770782392629
atax,EXTRA,MEDIUM,mean,1.548078,198.93060909791828,0.5153558655894452
atax,EXTRA,MEDIUM,own,10.621072,1364.8254947314315,3.5357596671794442
atax,EXTRA,MEDIUM,nn-measured,4.551979,584.9369056797739,1.5153558655894452
atax,EXTRA,MEDIUM,mix-measured,4.551979,584.9369056797739,1.5153558655894452
atax,EXTRA,MEDIUM,oracle,3.003901,386.00629658185557,1.0
atax,INTER,SMALL2,native,0.003292,1.0,0.002261119460188637
atax,INTER,SMALL2,instrumentation only,1.483563,450.6570473876063,1.0189894197192695
atax,INTER,SMALL2,full trace,1.455916,442.2588092345079,1.0
atax,INTER,SMALL2,static-fp,0.087,26.427703523693804,0.05975619472551987
atax,INTER,SMALL2,static-alpha,1.720705,522.6928918590522,1.1818710694847778
atax,INTER,SMALL2,pooled-static,1.720705,522.6928918590522,1.1818710694847778
atax,INTER,SMALL2,nn-static,1.720705,522.6928918590522,1.1818710694847778
atax,INTER,SMALL2,mix-static,1.720705,522.6928918590522,1.1818710694847778
atax,INTER,SMALL2,nn-ast,1.665705,505.9857229647631,1.1440941647732423
atax,INTER,SMALL2,mean,1.633705,496.26518833535846,1.122114874759258
atax,INTER,SMALL2,own,12.254683999999997,3722.5650060753337,8.417164177054168
atax,INTER,SMALL2,nn-measured,3.089621,938.5239975698664,2.122114874759258
atax,INTER,SMALL2,mix-measured,3.089621,938.5239975698664,2.122114874759258
atax,INTER,SMALL2,oracle,1.455916,442.2588092345079,1.0
bicg,EXTRA,MEDIUM,native,0.0065,1.0,0.002281085136765091
bicg,EXTRA,MEDIUM,instrumentation only,1.514034,232.92830769230773,0.5313293006087689
bicg,EXTRA,MEDIUM,full trace,2.849521,438.3878461538462,1.0
bicg,EXTRA,MEDIUM,static-fp,0.312,48.0,0.10949208656472438
bicg,EXTRA,MEDIUM,static-alpha,2.547898,391.9843076923077,0.8941495781220773
bicg,EXTRA,MEDIUM,pooled-static,2.547898,391.9843076923077,0.8941495781220773
bicg,EXTRA,MEDIUM,nn-static,2.547898,391.9843076923077,0.8941495781220773
bicg,EXTRA,MEDIUM,mix-static,2.547898,391.9843076923077,0.8941495781220773
bicg,EXTRA,MEDIUM,nn-ast,2.263898,348.29200000000003,0.7944837044541873
bicg,EXTRA,MEDIUM,mean,2.235898,343.9843076923077,0.784657491557353
bicg,EXTRA,MEDIUM,own,11.067758,1702.732,3.884076657094297
bicg,EXTRA,MEDIUM,nn-measured,5.085419,782.3721538461539,1.7846574915573528
bicg,EXTRA,MEDIUM,mix-measured,5.085419,782.3721538461539,1.7846574915573528
bicg,EXTRA,MEDIUM,oracle,2.849521,438.3878461538462,1.0
bicg,INTER,SMALL2,native,0.003864,1.0,0.0025296301921576224
bicg,INTER,SMALL2,instrumentation only,1.57351,407.2230848861284,1.0301238104715167
bicg,INTER,SMALL2,full trace,1.527496,395.31469979296065,1.0
bicg,INTER,SMALL2,static-fp,0.092,23.80952380952381,0.060229290289467205
bicg,INTER,SMALL2,static-alpha,1.7751670000000002,459.4117494824017,1.1621418321226376
bicg,INTER,SMALL2,pooled-static,1.7751670000000002,459.4117494824017,1.1621418321226376
bicg,INTER,SMALL2,nn-static,1.7751670000000002,459.4117494824017,1.1621418321226376
bicg,INTER,SMALL2,mix-static,1.7751670000000002,459.4117494824017,1.1621418321226376
bicg,INTER,SMALL2,nn-ast,1.713167,443.3662008281574,1.121552527797127
bicg,INTER,SMALL2,mean,1.683167,435.60222567287786,1.1019125418331701
bicg,INTER,SMALL2,own,11.837052,3063.4192546583854,7.749317837820852
bicg,INTER,SMALL2,nn-measured,3.2106630000000003,830.9169254658386,2.1019125418331703
bicg,INTER,SMALL2,mix-measured,3.2106630000000003,830.9169254658386,2.1019125418331703
bicg,INTER,SMALL2,oracle,1.527496,395.31469979296065,1.0
cholesky,EXTRA,MEDIUM,native,0.602941,1.0,0.0019387072111213119
cholesky,EXTRA,MEDIUM,instrumentation only,8.921889,14.79728364798546,0.028687600513356882
cholesky,EXTRA,MEDIUM,full trace,311.001577,515.8076445290667,1.0
cholesky,EXTRA,MEDIUM,static-fp,12.154,20.15785955839792,0.039080187686636715
cholesky,EXTRA,MEDIUM,static-alpha,24.93895,41.36217308161164,0.08018914322096829
cholesky,EXTRA,MEDIUM,pooled-static,24.93895,41.36217308161164,0.08018914322096829
cholesky,EXTRA,MEDIUM,nn-static,24.93895,41.36217308161164,0.08018914322096829
cholesky,EXTRA,MEDIUM,mix-static,24.93895,41.36217308161164,0.08018914322096829
cholesky,EXTRA,MEDIUM,nn-ast,12.81295,21.250752561195874,0.04119898723214513
cholesky,EXTRA,MEDIUM,mean,12.78495,21.204313523213717,0.04110895553433158
cholesky,EXTRA,MEDIUM,own,148.693644,246.61392076505,0.4781121865501023
cholesky,EXTRA,MEDIUM,nn-measured,323.786527,537.0119580522804,1.0411089555343316
cholesky,EXTRA,MEDIUM,mix-measured,323.786527,537.0119580522804,1.0411089555343316
cholesky,EXTRA,MEDIUM,oracle,311.001577,515.8076445290667,1.0
cholesky,INTER,SMALL2,native,0.043463,1.0,0.001363480977004407
cholesky,INTER,SMALL2,instrumentation only,2.093804,48.1744012148264,0.0656848796349938
cholesky,INTER,SMALL2,full trace,31.876499,733.4169063341233,1.0
cholesky,INTER,SMALL2,static-fp,1.113,25.607988403929777,0.0349160050481077
cholesky,INTER,SMALL2,static-alpha,3.753242,86.35487656167315,0.11774323146340507
cholesky,INTER,SMALL2,pooled-static,3.753242,86.35487656167315,0.11774323146340507
cholesky,INTER,SMALL2,nn-static,3.753242,86.35487656167315,0.11774323146340507
cholesky,INTER,SMALL2,mix-static,3.753242,86.35487656167315,0.11774323146340507
cholesky,INTER,SMALL2,nn-ast,2.6712420000000003,61.46013850861653,0.08379972970055465
cholesky,INTER,SMALL2,mean,2.640242,60.74688815774337,0.08282722641529737
cholesky,INTER,SMALL2,own,417.674014,9609.87538826128,13.102882283277093
cholesky,INTER,SMALL2,nn-measured,34.516740999999996,794.1637944918665,1.0828272264152974
cholesky,INTER,SMALL2,mix-measured,34.516740999999996,794.1637944918665,1.0828272264152974
cholesky,INTER,SMALL2,oracle,31.876499,733.4169063341233,1.0
correlation,EXTRA,MEDIUM,native,0.057704,1.0,0.0013354803529858055
correlation,EXTRA,MEDIUM,instrumentation only,2.616501,45.343494385137944,0.06055534588707391
correlation,EXTRA,MEDIUM,full trace,43.208423,748.7942430334119,1.0
correlation,EXTRA,MEDIUM,static-fp,1.265,21.92222376265077,0.02927669912877866
correlation,EXTRA,MEDIUM,static-alpha,4.011586,69.52006793289894,0.09284268486262505
correlation,EXTRA,MEDIUM,pooled-static,4.011586,69.52006793289894,0.09284268486262505
correlation,EXTRA,MEDIUM,nn-static,4.011586,69.52006793289894,0.09284268486262505
correlation,EXTRA,MEDIUM,mix-static,4.011586,69.52006793289894,0.09284268486262505
correlation,EXTRA,MEDIUM,nn-ast,2.775586,48.10040898377929,0.06423715116841917
correlation,EXTRA,MEDIUM,mean,2.746586,47.597844170248166,0.06356598573384638
correlation,EXTRA,MEDIUM,own,33.652755,583.1962255649522,0.7788471011774717
correlation,EXTRA,MEDIUM,nn-measured,45.955009000000004,796.3920872036601,1.0635659857338464
correlation,EXTRA,MEDIUM,mix-measured,45.955009000000004,796.3920872036601,1.0635659857338464
correlation,EXTRA,MEDIUM,oracle,43.208423,748.7942430334119,1.0
correlation,INTER,SMALL2,native,0.010109,1.0,0.0015893432093035613
correlation,INTER,SMALL2,instrumentation only,1.702837,168.44762093184292,0.26772108245136494
correlation,INTER,SMALL2,full trace,6.360489,629.1907211395786,1.0
correlation,INTER,SMALL2,static-fp,0.217,21.466020377881097,0.034116873718357185
correlation,INTER,SMALL2,static-alpha,2.174153,215.0710258185775,0.34182167440270705
correlation,INTER,SMALL2,pooled-static,2.174153,215.0710258185775,0.34182167440270705
correlation,INTER,SMALL2,nn-static,2.174153,215.0710258185775,0.34182167440270705
correlation,INTER,SMALL2,mix-static,2.174153,215.0710258185775,0.34182167440270705
correlation,INTER,SMALL2,nn-ast,1.9881529999999998,196.6715797803937,0.3125786397869723
correlation,INTER,SMALL2,mean,1.957153,193.6050054406964,0.30770480068434986
correlation,INTER,SMALL2,own,69.711256,6895.95963992482,10.960046625345944
correlation,INTER,SMALL2,nn-measured,8.317642,822.795726580275,1.3077048006843497
correlation,INTER,SMALL2,mix-measured,8.317642,822.795726580275,1.3077048006843497
correlation,INTER,SMALL2,oracle,6.360489,629.1907211395786,1.0
covariance,EXTRA,MEDIUM,native,0.057802,1.0,0.001420228907916404
covariance,EXTRA,MEDIUM,instrumentation only,2.173956,37.61039410401024,0.05341536894464402
covariance,EXTRA,MEDIUM,full trace,40.699073,704.1118473409224,1.0
covariance,EXTRA,MEDIUM,static-fp,1.289,22.300266426767237,0.03167148303353248
covariance,EXTRA,MEDIUM,static-alpha,3.835293,66.35225424725789,0.09423538958737464
covariance,EXTRA,MEDIUM,pooled-static,3.835293,66.35225424725789,0.09423538958737464
covariance,EXTRA,MEDIUM,nn-static,3.835293,66.35225424725789,0.09423538958737464
covariance,EXTRA,MEDIUM,mix-static,3.835293,66.35225424725789,0.09423538958737464
covariance,EXTRA,MEDIUM,nn-ast,2.575293,44.553700563994326,0.06327645349563613
covariance,EXTRA,MEDIUM,mean,2.546293,44.05198782049064,0.06256390655384214
covariance,EXTRA,MEDIUM,own,33.078038,572.2645929206602,0.8127467178429346
covariance,EXTRA,MEDIUM,nn-measured,43.245366,748.1638351614131,1.0625639065538421
covariance,EXTRA,MEDIUM,mix-measured,43.245366,748.1638351614131,1.0625639065538421
covariance,EXTRA,MEDIUM,oracle,40.699073,704.1118473409224,1.0
covariance,INTER,SMALL2,native,0.009757,1.0,0.0015799428066209595
covariance,INTER,SMALL2,instrumentation only,1.556424,159.5187045198319,0.25203042972760276
covariance,INTER,SMALL2,full trace,6.17554,632.9343035769191,1.0
covariance,INTER,SMALL2,static-fp,0.221,22.650404837552525,0.0357863441901437
covariance,INTER,SMALL2,static-alpha,1.85348,189.96412831813058,0.3001324580522513
covariance,INTER,SMALL2,pooled-static,1.85348,189.96412831813058,0.3001324580522513
covariance,INTER,SMALL2,nn-static,1.85348,189.96412831813058,0.3001324580522513
covariance,INTER,SMALL2,mix-static,1.85348,189.96412831813058,0.3001324580522513
covariance,INTER,SMALL2,nn-ast,1.66248,170.38843906938607,0.2692039886390502
covariance,INTER,SMALL2,mean,1.63248,167.31372348057803,0.2643461138621076
covariance,INTER,SMALL2,own,66.687758,6834.862970175259,10.798692583968366
covariance,INTER,SMALL2,nn-measured,7.80802,800.2480270574972,1.2643461138621077
covariance,INTER,SMALL2,mix-measured,7.80802,800.2480270574972,1.2643461138621077
covariance,INTER,SMALL2,oracle,6.17554,632.9343035769191,1.0
doitgen,EXTRA,MEDIUM,native,0.046088,1.0,0.0015237791442020167
doitgen,EXTRA,MEDIUM,instrumentation only,2.161392,46.89706648151363,0.07146077182878592
doitgen,EXTRA,MEDIUM,full trace,30.245853,656.2630836660303,1.0
doitgen,EXTRA,MEDIUM,static-fp,1.301,28.228606144766534,0.043014161313288134
doitgen,EXTRA,MEDIUM,static-alpha,5.520752,119.78718972400625,0.18252922144401085
doitgen,EXTRA,MEDIUM,pooled-static,5.520752,119.78718972400625,0.18252922144401085
doitgen,EXTRA,MEDIUM,nn-static,5.520752,119.78718972400625,0.18252922144401085
doitgen,EXTRA,MEDIUM,mix-static,5.520752,119.78718972400625,0.18252922144401085
doitgen,EXTRA,MEDIUM,nn-ast,4.247751999999999,92.16611699357749,0.14044080687689645
doitgen,EXTRA,MEDIUM,mean,4.219752,91.55858357923971,0.1395150601307227
doitgen,EXTRA,MEDIUM,own,26.625393,577.7077113348378,0.8802989619767047
doitgen,EXTRA,MEDIUM,nn-measured,34.465605,747.8216672452699,1.1395150601307227
doitgen,EXTRA,MEDIUM,mix-measured,34.465605,747.8216672452699,1.1395150601307227
doitgen,EXTRA,MEDIUM,oracle,30.245853,656.2630836660303,1.0
doitgen,INTER,SMALL2,native,0.008049,1.0,0.0014257782262107248
doitgen,INTER,SMALL2,instrumentation only,1.628131,202.27742576717603,0.2884027493127958
doitgen,INTER,SMALL2,full trace,5.645338,701.3713504783202,1.0
doitgen,INTER,SMALL2,static-fp,0.208,25.841719468256922,0.036844560945686514
doitgen,INTER,SMALL2,static-alpha,1.9721579999999999,245.01900857249345,0.3493427674304001
doitgen,INTER,SMALL2,pooled-static,1.9721579999999999,245.01900857249345,0.3493427674304001
doitgen,INTER,SMALL2,nn-static,1.9721579999999999,245.01900857249345,0.3493427674304001
doitgen,INTER,SMALL2,mix-static,1.9721579999999999,245.01900857249345,0.3493427674304001
doitgen,INTER,SMALL2,nn-ast,1.7971579999999998,223.2771772891042,0.31834373778859654
doitgen,INTER,SMALL2,mean,1.764158,219.1772891042365,0.3124982064847136
doitgen,INTER,SMALL2,own,48.770314000000006,6059.176792148093,8.639042339006098
doitgen,INTER,SMALL2,nn-measured,7.409496,920.5486395825568,1.3124982064847137
doitgen,INTER,SMALL2,mix-measured,7.409496,920.5486395825568,1.3124982064847137
doitgen,INTER,SMALL2,oracle,5.645338,701.3713504783202,1.0
fdtd-2d,EXTRA,MEDIUM,native,0.211687,1.0,0.002388052973268488
fdtd-2d,EXTRA,MEDIUM,instrumentation only,3.558487,16.81013477445474,0.04014349232918064
fdtd-2d,EXTRA,MEDIUM,full trace,88.644181,418.751179807924,1.0
fdtd-2d,EXTRA,MEDIUM,static-fp,3.009,14.21438255537657,0.033944698524542745
fdtd-2d,EXTRA,MEDIUM,static-alpha,7.4101669999999995,35.00530027824099,0.0835945114096096
fdtd-2d,EXTRA,MEDIUM,pooled-static,7.4101669999999995,35.00530027824099,0.0835945114096096
fdtd-2d,EXTRA,MEDIUM,nn-static,7.4101669999999995,35.00530027824099,0.0835945114096096
fdtd-2d,EXTRA,MEDIUM,mix-static,7.4101669999999995,35.00530027824099,0.0835945114096096
fdtd-2d,EXTRA,MEDIUM,nn-ast,4.429167,20.92318848110654,0.04996568246256344
fdtd-2d,EXTRA,MEDIUM,mean,4.401167,20.79091772286442,0.04964981288506687
fdtd-2d,EXTRA,MEDIUM,own,65.66296,310.1889109865037,0.7407475511562344
fdtd-2d,EXTRA,MEDIUM,nn-measured,93.045348,439.54209753078845,1.0496498128850669
fdtd-2d,EXTRA,MEDIUM,mix-measured,93.045348,439.54209753078845,1.0496498128850669
fdtd-2d,EXTRA,MEDIUM,oracle,88.644181,418.751179807924,1.0
fdtd-2d,INTER,SMALL2,native,0.018664,1.0,0.0015023766836032859
fdtd-2d,INTER,SMALL2,instrumentation only,1.85533,99.40687955422203,0.14934657803202336
fdtd-2d,INTER,SMALL2,full trace,12.422983,665.6120338619803,1.0
fdtd-2d,INTER,SMALL2,static-fp,0.368,19.717102443206173,0.029622514978890336
fdtd-2d,INTER,SMALL2,static-alpha,2.363945,126.65800471495929,0.19028803307546988
fdtd-2d,INTER,SMALL2,pooled-static,2.363945,126.65800471495929,0.19028803307546988
fdtd-2d,INTER,SMALL2,nn-static,2.363945,126.65800471495929,0.19028803307546988
fdtd-2d,INTER,SMALL2,mix-static,2.363945,126.65800471495929,0.19028803307546988
fdtd-2d,INTER,SMALL2,nn-ast,2.026945,108.60185383626232,0.16316089299969258
fdtd-2d,INTER,SMALL2,mean,1.995945,106.94090227175312,0.16066551809657956
fdtd-2d,INTER,SMALL2,own,139.478936,7473.153450492928,11.227491497010018
fdtd-2d,INTER,SMALL2,nn-measured,14.418928000000001,772.5529361337334,1.1606655180965797
fdtd-2d,INTER,SMALL2,mix-measured,14.418928000000001,772.5529361337334,1.1606655180965797
fdtd-2d,INTER,SMALL2,oracle,12.422983,665.6120338619803,1.0
floyd-warshall,EXTRA,MEDIUM,native,0.507625,1.0,0.0012799999298001516
floyd-warshall,EXTRA,MEDIUM,instrumentation only,13.35964,26.317931543954693,0.033686950528747206
floyd-warshall,EXTRA,MEDIUM,full trace,396.582053,781.2500428465895,1.0
floyd-warshall,EXTRA,MEDIUM,static-fp,25.323,49.88524993843881,0.0638531164192647
floyd-warshall,EXTRA,MEDIUM,static-alpha,46.323735,91.25581876385127,0.11680744161158499
floyd-warshall,EXTRA,MEDIUM,pooled-static,46.323735,91.25581876385127,0.11680744161158499
floyd-warshall,EXTRA,MEDIUM,nn-static,46.323735,91.25581876385127,0.11680744161158499
floyd-warshall,EXTRA,MEDIUM,mix-static,46.323735,91.25581876385127,0.11680744161158499
floyd-warshall,EXTRA,MEDIUM,nn-ast,21.028734999999998,41.42572765328736,0.05302492848812803
floyd-warshall,EXTRA,MEDIUM,mean,21.000735,41.370568825412455,0.05295432519232029
floyd-warshall,EXTRA,MEDIUM,own,262.95745700000003,518.0151824673726,0.6630593971936497
floyd-warshall,EXTRA,MEDIUM,nn-measured,417.582788,822.6206116720019,1.0529543251923204
floyd-warshall,EXTRA,MEDIUM,mix-measured,417.582788,822.6206116720019,1.0529543251923204
floyd-warshall,EXTRA,MEDIUM,oracle,396.582053,781.2500428465895,1.0
floyd-warshall,INTER,SMALL2,native,0.123999,1.0,0.0017396647089107803
floyd-warshall,INTER,SMALL2,instrumentation only,2.645182,21.332284937781758,0.03711102326668792
floyd-warshall,INTER,SMALL2,full trace,71.277528,574.8234098662086,1.0
floyd-warshall,INTER,SMALL2,static-fp,2.925,23.588899910483146,0.0410367766962962
floyd-warshall,INTER,SMALL2,static-alpha,6.603759,53.25655045605207,0.0926485413467201
floyd-warshall,INTER,SMALL2,pooled-static,6.603759,53.25655045605207,0.0926485413467201
floyd-warshall,INTER,SMALL2,nn-static,6.603759,53.25655045605207,0.0926485413467201
floyd-warshall,INTER,SMALL2,mix-static,6.603759,53.25655045605207,0.0926485413467201
floyd-warshall,INTER,SMALL2,nn-ast,3.7087589999999997,29.909587980548228,0.05203265466782181
floyd-warshall,INTER,SMALL2,mean,3.678759,29.667650545568915,0.0516117646504239
floyd-warshall,INTER,SMALL2,own,570.9400059999999,4604.392019290478,8.010098301950089
floyd-warshall,INTER,SMALL2,nn-measured,74.956287,604.4910604117775,1.051611764650424
floyd-warshall,INTER,SMALL2,mix-measured,74.956287,604.4910604117775,1.051611764650424
floyd-warshall,INTER,SMALL2,oracle,71.277528,574.8234098662086,1.0
gemm,EXTRA,MEDIUM,native,0.059688,1.0,0.0009793535862696752
gemm,EXTRA,MEDIUM,instrumentation only,2.513197,42.105565607827366,0.04123623667993884
gemm,EXTRA,MEDIUM,full trace,60.946323,1021.0816747084841,1.0
gemm,EXTRA,MEDIUM,static-fp,1.871,31.34633427154537,0.03069914488524599
gemm,EXTRA,MEDIUM,static-alpha,4.788468,80.22496984318457,0.07856861192429936
gemm,EXTRA,MEDIUM,pooled-static,4.788468,80.22496984318457,0.07856861192429936
gemm,EXTRA,MEDIUM,nn-static,4.788468,80.22496984318457,0.07856861192429936
gemm,EXTRA,MEDIUM,mix-static,4.788468,80.22496984318457,0.07856861192429936
gemm,EXTRA,MEDIUM,nn-ast,2.945468,49.34774158959925,0.048328887700083235
gemm,EXTRA,MEDIUM,mean,2.917468,48.878635571639194,0.047869467039053364
gemm,EXTRA,MEDIUM,own,47.722488999999996,799.5323850690255,0.7830249086560972
gemm,EXTRA,MEDIUM,nn-measured,63.863791,1069.9603102801234,1.0478694670390534
gemm,EXTRA,MEDIUM,mix-measured,63.863791,1069.9603102801234,1.0478694670390534
gemm,EXTRA,MEDIUM,oracle,60.946323,1021.0816747084841,1.0
gemm,INTER,SMALL2,native,0.013617,1.0,0.0014429338574251647
gemm,INTER,SMALL2,instrumentation only,1.570939,115.36601307189542,0.16646552625759206
gemm,INTER,SMALL2,full trace,9.437023,693.0324594257178,1.0
gemm,INTER,SMALL2,static-fp,0.309,22.692222956598368,0.03274337680431636
gemm,INTER,SMALL2,static-alpha,2.010099,147.61687596386867,0.2130013882555971
gemm,INTER,SMALL2,pooled-static,2.010099,147.61687596386867,0.2130013882555971
gemm,INTER,SMALL2,nn-static,2.010099,147.61687596386867,0.2130013882555971
gemm,INTER,SMALL2,mix-static,2.010099,147.61687596386867,0.2130013882555971
gemm,INTER,SMALL2,nn-ast,1.7340989999999998,127.34809429389732,0.18375487693523687
gemm,INTER,SMALL2,mean,1.701099,124.92465300727031,0.18025801145128076
gemm,INTER,SMALL2,own,98.01542,7198.018653154146,10.386264821014
gemm,INTER,SMALL2,nn-measured,11.138122,817.9571124329881,1.1802580114512806
gemm,INTER,SMALL2,mix-measured,11.138122,817.9571124329881,1.1802580114512806
gemm,INTER,SMALL2,oracle,9.437023,693.0324594257178,1.0
gemver,EXTRA,MEDIUM,native,0.007539,1.0,0.0018705409036605684
gemver,EXTRA,MEDIUM,instrumentation only,1.552015,205.86483618517045,0.3850785967097436
gemver,EXTRA,MEDIUM,full trace,4.030385,534.6047221116859,1.0
gemver,EXTRA,MEDIUM,static-fp,0.344,45.62939381880886,0.08535164754731868
gemver,EXTRA,MEDIUM,static-alpha,2.612492,346.530309059557,0.6481991174540398
gemver,EXTRA,MEDIUM,pooled-static,2.612492,346.530309059557,0.6481991174540398
gemver,EXTRA,MEDIUM,nn-static,2.612492,346.530309059557,0.6481991174540398
gemver,EXTRA,MEDIUM,mix-static,2.612492,346.530309059557,0.6481991174540398
gemver,EXTRA,MEDIUM,nn-ast,2.297492,304.74757925454304,0.5700428122871637
gemver,EXTRA,MEDIUM,mean,2.268492,300.90091524074813,0.5628474699067211
gemver,EXTRA,MEDIUM,own,13.692541,1816.2277490383342,3.3973282949395656
gemver,EXTRA,MEDIUM,nn-measured,6.298877,835.5056373524341,1.5628474699067212
gemver,EXTRA,MEDIUM,mix-measured,6.298877,835.5056373524341,1.5628474699067212
gemver,EXTRA,MEDIUM,oracle,4.030385,534.6047221116859,1.0
gemver,INTER,SMALL2,native,0.004054,1.0,0.002074003133003253
gemver,INTER,SMALL2,instrumentation only,1.483529,365.94203256043414,0.7589649220279188
gemver,INTER,SMALL2,full trace,1.954674,482.1593487913172,1.0
gemver,INTER,SMALL2,static-fp,0.129,31.820424272323628,0.06599565963429196
gemver,INTER,SMALL2,static-alpha,1.647831,406.47039960532805,0.8430208822545345
gemver,INTER,SMALL2,pooled-static,1.647831,406.47039960532805,0.8430208822545345
gemver,INTER,SMALL2,nn-static,1.647831,406.47039960532805,0.8430208822545345
gemver,INTER,SMALL2,mix-static,1.647831,406.47039960532805,0.8430208822545345
gemver,INTER,SMALL2,nn-ast,1.548831,382.0500740009867,0.792373050442171
gemver,INTER,SMALL2,mean,1.518831,374.6499753330044,0.7770252226202425
gemver,INTER,SMALL2,own,15.018590999999999,3704.635175135668,7.683424959865429
gemver,INTER,SMALL2,nn-measured,3.4735050000000003,856.8093241243216,1.7770252226202428
gemver,INTER,SMALL2,mix-measured,3.4735050000000003,856.8093241243216,1.7770252226202428
gemver,INTER,SMALL2,oracle,1.954674,482.1593487913172,1.0
gesummv,EXTRA,MEDIUM,native,0.006652,1.0,0.003346923290953395
gesummv,EXTRA,MEDIUM,instrumentation only,1.93813,291.3604930847865,0.9751612203691375
gesummv,EXTRA,MEDIUM,full trace,1.987497,298.7818701142514,1.0
gesummv,EXTRA,MEDIUM,static-fp,0.23,34.576067348165964,0.11572344511714987
gesummv,EXTRA,MEDIUM,static-alpha,1.83453,275.7862297053518,0.9230353555250649
gesummv,EXTRA,MEDIUM,pooled-static,1.83453,275.7862297053518,0.9230353555250649
gesummv,EXTRA,MEDIUM,nn-static,1.83453,275.7862297053518,0.9230353555250649
gesummv,EXTRA,MEDIUM,mix-static,1.83453,275.7862297053518,0.9230353555250649
gesummv,EXTRA,MEDIUM,nn-ast,1.63353,245.56975345760674,0.821903127400947
gesummv,EXTRA,MEDIUM,mean,1.60453,241.21016235718582,0.8073119104079151
gesummv,EXTRA,MEDIUM,own,10.702041000000001,1608.8456103427543,5.384682844804295
gesummv,EXTRA,MEDIUM,nn-measured,3.592027,539.9920324714371,1.807311910407915
gesummv,EXTRA,MEDIUM,mix-measured,3.592027,539.9920324714371,1.807311910407915
gesummv,EXTRA,MEDIUM,oracle,1.987497,298.7818701142514,1.0
gesummv,INTER,SMALL2,native,0.003274,1.0,0.0021505263337664162
gesummv,INTER,SMALL2,instrumentation only,1.628903,497.5268784361637,1.0699446538335726
gesummv,INTER,SMALL2,full trace,1.522418,465.0024434941967,1.0
gesummv,INTER,SMALL2,static-fp,0.095,29.016493585827735,0.06240073356988685
gesummv,INTER,SMALL2,static-alpha,1.609439,491.5818570555895,1.0571597287998433
gesummv,INTER,SMALL2,pooled-static,1.609439,491.5818570555895,1.0571597287998433
gesummv,INTER,SMALL2,nn-static,1.609439,491.5818570555895,1.0571597287998433
gesummv,INTER,SMALL2,mix-static,1.609439,491.5818570555895,1.0571597287998433
gesummv,INTER,SMALL2,nn-ast,1.5444390000000001,471.7284667073916,1.0144644900414999
gesummv,INTER,SMALL2,mean,1.514439,462.5653634697618,0.9947589952299566
gesummv,INTER,SMALL2,own,11.077029,3383.3320097739766,7.275944582893791
gesummv,INTER,SMALL2,nn-measured,3.0368570000000004,927.5678069639586,1.9947589952299567
gesummv,INTER,SMALL2,mix-measured,3.0368570000000004,927.5678069639586,1.9947589952299567
gesummv,INTER,SMALL2,oracle,1.522418,465.0024434941967,1.0
gramschmidt,EXTRA,MEDIUM,native,0.08627,1.0,0.0011672686820730167
gramschmidt,EXTRA,MEDIUM,instrumentation only,2.68121,31.07928596267532,0.03627787716542243
gramschmidt,EXTRA,MEDIUM,full trace,73.907577,856.7007882230208,1.0
gramschmidt,EXTRA,MEDIUM,static-fp,2.026,23.484409412310185,0.02741261562397046
gramschmidt,EXTRA,MEDIUM,static-alpha,5.668162,65.70258490784745,0.07669256969417357
gramschmidt,EXTRA,MEDIUM,pooled-static,5.668162,65.70258490784745,0.07669256969417357
gramschmidt,EXTRA,MEDIUM,nn-static,5.668162,65.70258490784745,0.07669256969417357
gramschmidt,EXTRA,MEDIUM,mix-static,5.668162,65.70258490784745,0.07669256969417357
gramschmidt,EXTRA,MEDIUM,nn-ast,3.670162,42.5427379158456,0.049658805618806846
gramschmidt,EXTRA,MEDIUM,mean,3.642162,42.21817549553727,0.04927995407020311
gramschmidt,EXTRA,MEDIUM,own,42.627657,494.1191259997682,0.5767697809928203
gramschmidt,EXTRA,MEDIUM,nn-measured,77.549739,898.9189637185581,1.0492799540702031
gramschmidt,EXTRA,MEDIUM,mix-measured,77.549739,898.9189637185581,1.0492799540702031
gramschmidt,EXTRA,MEDIUM,oracle,73.907577,856.7007882230208,1.0
gramschmidt,INTER,SMALL2,native,0.012754,1.0,0.0017041128792399396
gramschmidt,INTER,SMALL2,instrumentation only,1.698525,133.1758663948565,0.22694670912741244
gramschmidt,INTER,SMALL2,full trace,7.484246,586.8155872667398,1.0
gramschmidt,INTER,SMALL2,static-fp,0.277,21.718676493649053,0.03701107633287308
gramschmidt,INTER,SMALL2,static-alpha,2.037241,159.7334953740003,0.2722039067128472
gramschmidt,INTER,SMALL2,pooled-static,2.037241,159.7334953740003,0.2722039067128472
gramschmidt,INTER,SMALL2,nn-static,2.037241,159.7334953740003,0.2722039067128472
gramschmidt,INTER,SMALL2,mix-static,2.037241,159.7334953740003,0.2722039067128472
gramschmidt,INTER,SMALL2,nn-ast,1.790241,140.36702211071037,0.2392012501994189
gramschmidt,INTER,SMALL2,mean,1.760241,138.01481888035127,0.23519283037997415
gramschmidt,INTER,SMALL2,own,107.169067,8402.780853065706,14.319287073140034
gramschmidt,INTER,SMALL2,nn-measured,9.244487,724.830406147091,1.2351928303799742
gramschmidt,INTER,SMALL2,mix-measured,9.244487,724.830406147091,1.2351928303799742
gramschmidt,INTER,SMALL2,oracle,7.484246,586.8155872667398,1.0
heat-3d,EXTRA,MEDIUM,native,0.335695,1.0,0.0024260373695538327
heat-3d,EXTRA,MEDIUM,instrumentation only,5.139953,15.311377887665888,0.03714597493483767
heat-3d,EXTRA,MEDIUM,full trace,138.371735,412.1948048079357,1.0
heat-3d,EXTRA,MEDIUM,static-fp,5.205,15.505146040304442,0.037616063714168216
heat-3d,EXTRA,MEDIUM,static-alpha,11.305458999999999,33.67776999955316,0.08170352854215493
heat-3d,EXTRA,MEDIUM,pooled-static,11.305458999999999,33.67776999955316,0.08170352854215493
heat-3d,EXTRA,MEDIUM,nn-static,11.305458999999999,33.67776999955316,0.08170352854215493
heat-3d,EXTRA,MEDIUM,mix-static,11.305458999999999,33.67776999955316,0.08170352854215493
heat-3d,EXTRA,MEDIUM,nn-ast,6.127459,18.25305411161918,0.04428259138327636
heat-3d,EXTRA,MEDIUM,mean,6.100459,18.17262395924872,0.04408746482798673
heat-3d,EXTRA,MEDIUM,own,85.443578,254.52740731914386,0.6174930017318927
heat-3d,EXTRA,MEDIUM,nn-measured,144.472194,430.3674287671845,1.0440874648279868
heat-3d,EXTRA,MEDIUM,mix-measured,144.472194,430.3674287671845,1.0440874648279868
heat-3d,EXTRA,MEDIUM,oracle,138.371735,412.1948048079357,1.0
heat-3d,INTER,SMALL2,native,0.033302,1.0,0.001961396960841854
heat-3d,INTER,SMALL2,instrumentation only,2.142715,64.3419314155306,0.1262000687331167
heat-3d,INTER,SMALL2,full trace,16.978715,509.8407002582428,1.0
heat-3d,INTER,SMALL2,static-fp,0.496,14.894000360338719,0.02921304704154584
heat-3d,INTER,SMALL2,static-alpha,2.555557,76.738844513843,0.15051533640796724
heat-3d,INTER,SMALL2,pooled-static,2.555557,76.738844513843,0.15051533640796724
heat-3d,INTER,SMALL2,nn-static,2.555557,76.738844513843,0.15051533640796724
heat-3d,INTER,SMALL2,mix-static,2.555557,76.738844513843,0.15051533640796724
heat-3d,INTER,SMALL2,nn-ast,2.0885569999999998,62.71566272295958,0.12301031026199566
heat-3d,INTER,SMALL2,mean,2.059557,61.84484415350429,0.12130228936642141
heat-3d,INTER,SMALL2,own,202.795696,6089.59509939343,11.94411332070772
heat-3d,INTER,SMALL2,nn-measured,19.038272,571.6855444117471,1.1213022893664213
heat-3d,INTER,SMALL2,mix-measured,19.038272,571.6855444117471,1.1213022893664213
heat-3d,INTER,SMALL2,oracle,16.978715,509.8407002582428,1.0
jacobi-2d,EXTRA,MEDIUM,native,0.198821,1.0,0.002027831205860254
jacobi-2d,EXTRA,MEDIUM,instrumentation only,3.392379,17.0624783096353,0.034599825965592176
jacobi-2d,EXTRA,MEDIUM,full trace,98.046129,493.1376916925274,1.0
jacobi-2d,EXTRA,MEDIUM,static-fp,3.025,15.214690601093446,0.030852824388405992
jacobi-2d,EXTRA,MEDIUM,static-alpha,7.15114,35.967729766976326,0.07293648482542335
jacobi-2d,EXTRA,MEDIUM,pooled-static,7.15114,35.967729766976326,0.07293648482542335
jacobi-2d,EXTRA,MEDIUM,nn-static,7.15114,35.967729766976326,0.07293648482542335
jacobi-2d,EXTRA,MEDIUM,mix-static,7.15114,35.967729766976326,0.07293648482542335
jacobi-2d,EXTRA,MEDIUM,nn-ast,4.1531400000000005,20.888839710090988,0.04235904101833537
jacobi-2d,EXTRA,MEDIUM,mean,4.12614,20.753039165882882,0.04208366043701736
jacobi-2d,EXTRA,MEDIUM,own,50.175979,252.36760201387176,0.5117588987118502
jacobi-2d,EXTRA,MEDIUM,nn-measured,102.172269,513.8907308584103,1.0420836604370174
jacobi-2d,EXTRA,MEDIUM,mix-measured,102.172269,513.8907308584103,1.0420836604370174
jacobi-2d,EXTRA,MEDIUM,oracle,98.046129,493.1376916925274,1.0
jacobi-2d,INTER,SMALL2,native,0.018475,1.0,0.0018179936002689153
jacobi-2d,INTER,SMALL2,instrumentation only,1.777801,96.22738836265223,0.17494077621389326
jacobi-2d,INTER,SMALL2,full trace,10.162302,550.0569418132612,1.0
jacobi-2d,INTER,SMALL2,static-fp,0.335,18.13261163734777,0.0329649719128599
jacobi-2d,INTER,SMALL2,static-alpha,2.11349,114.39729364005414,0.2079735477257023
jacobi-2d,INTER,SMALL2,pooled-static,2.11349,114.39729364005414,0.2079735477257023
jacobi-2d,INTER,SMALL2,nn-static,2.11349,114.39729364005414,0.2079735477257023
jacobi-2d,INTER,SMALL2,mix-static,2.11349,114.39729364005414,0.2079735477257023
jacobi-2d,INTER,SMALL2,nn-ast,1.8074899999999998,97.83437077131258,0.17786225994858249
jacobi-2d,INTER,SMALL2,mean,1.77849,96.26468200270637,0.17500857581284238
jacobi-2d,INTER,SMALL2,own,135.712156,7345.718863328823,13.35446988290645
jacobi-2d,INTER,SMALL2,nn-measured,11.940792,646.3216238159675,1.1750085758128423
jacobi-2d,INTER,SMALL2,mix-measured,11.940792,646.3216238159675,1.1750085758128423
jacobi-2d,INTER,SMALL2,oracle,10.162302,550.0569418132612,1.0
lu,EXTRA,MEDIUM,native,0.68225,1.0,0.0018852107355153901
lu,EXTRA,MEDIUM,instrumentation only,9.462274,13.8692180285819,0.02614639872068619
lu,EXTRA,MEDIUM,full trace,361.895881,530.4446771711249,1.0
lu,EXTRA,MEDIUM,static-fp,13.847,20.296079149871748,0.03826238630220829
lu,EXTRA,MEDIUM,static-alpha,27.970743,40.997791132282885,0.07728947597499736
lu,EXTRA,MEDIUM,pooled-static,27.970743,40.997791132282885,0.07728947597499736
lu,EXTRA,MEDIUM,nn-static,27.970743,40.997791132282885,0.07728947597499736
lu,EXTRA,MEDIUM,mix-static,27.970743,40.997791132282885,0.07728947597499736
lu,EXTRA,MEDIUM,nn-ast,14.151743,20.742752656650786,0.03910445999245844
lu,EXTRA,MEDIUM,mean,14.123743,20.701711982411137,0.03902708967278906
lu,EXTRA,MEDIUM,own,169.407583,248.30719384389883,0.4681113875402191
lu,EXTRA,MEDIUM,nn-measured,376.01962399999996,551.146389153536,1.0390270896727891
lu,EXTRA,MEDIUM,mix-measured,376.01962399999996,551.146389153536,1.0390270896727891
lu,EXTRA,MEDIUM,oracle,361.895881,530.4446771711249,1.0
lu,INTER,SMALL2,native,0.0412,1.0,0.0008515204952509338
lu,INTER,SMALL2,instrumentation only,2.044491,49.623567961165044,0.04225548516640963
lu,INTER,SMALL2,full trace,48.384038,1174.369854368932,1.0
lu,INTER,SMALL2,static-fp,1.155,28.033980582524272,0.02387150902948613
lu,INTER,SMALL2,static-alpha,3.582681,86.95827669902913,0.07404675484092502
lu,INTER,SMALL2,pooled-static,3.582681,86.95827669902913,0.07404675484092502
lu,INTER,SMALL2,nn-static,3.582681,86.95827669902913,0.07404675484092502
lu,INTER,SMALL2,mix-static,3.582681,86.95827669902913,0.07404675484092502
lu,INTER,SMALL2,nn-ast,2.456681,59.62817961165049,0.05077461703382426
lu,INTER,SMALL2,mean,2.427681,58.924296116504856,0.050175245811438896
lu,INTER,SMALL2,own,471.223364,11437.460291262136,9.739231851628425
lu,INTER,SMALL2,nn-measured,50.811719,1233.2941504854368,1.0501752458114388
lu,INTER,SMALL2,mix-measured,50.811719,1233.2941504854368,1.0501752458114388
lu,INTER,SMALL2,oracle,48.384038,1174.369854368932,1.0
ludcmp,EXTRA,MEDIUM,native,0.620811,1.0,0.0020117622296149788
ludcmp,EXTRA,MEDIUM,instrumentation only,9.838909,15.8484772338119,0.03188336789589566
ludcmp,EXTRA,MEDIUM,full trace,308.590643,497.0766352400328,1.0
ludcmp,EXTRA,MEDIUM,static-fp,13.147,21.17713764736772,0.04260336565033179
ludcmp,EXTRA,MEDIUM,static-alpha,27.776339999999998,44.7420229345163,0.09001031181622703
ludcmp,EXTRA,MEDIUM,pooled-static,27.776339999999998,44.7420229345163,0.09001031181622703
ludcmp,EXTRA,MEDIUM,nn-static,27.776339999999998,44.7420229345163,0.09001031181622703
ludcmp,EXTRA,MEDIUM,mix-static,27.776339999999998,44.7420229345163,0.09001031181622703
ludcmp,EXTRA,MEDIUM,nn-ast,14.658339999999999,23.611598376961748,0.04750092179560998
ludcmp,EXTRA,MEDIUM,mean,14.62934,23.564885287148584,0.04740694616589525
ludcmp,EXTRA,MEDIUM,own,155.000092,249.6735592636084,0.5022838362600645
ludcmp,EXTRA,MEDIUM,nn-measured,323.219983,520.6415205271815,1.0474069461658952
ludcmp,EXTRA,MEDIUM,mix-measured,323.219983,520.6415205271815,1.0474069461658952
ludcmp,EXTRA,MEDIUM,oracle,308.590643,497.0766352400328,1.0
ludcmp,INTER,SMALL2,native,0.039604,1.0,0.0010006338729068652
ludcmp,INTER,SMALL2,instrumentation only,2.260926,57.088324411675586,0.057124511153818475
ludcmp,INTER,SMALL2,full trace,39.578912,999.3665286334714,1.0
ludcmp,INTER,SMALL2,static-fp,1.159,29.264720735279266,0.02928327084888033
ludcmp,INTER,SMALL2,static-alpha,3.8183100000000003,96.41223108776892,0.09647334418894588
ludcmp,INTER,SMALL2,pooled-static,3.8183100000000003,96.41223108776892,0.09647334418894588
ludcmp,INTER,SMALL2,nn-static,3.8183100000000003,96.41223108776892,0.09647334418894588
ludcmp,INTER,SMALL2,mix-static,3.8183100000000003,96.41223108776892,0.09647334418894588
ludcmp,INTER,SMALL2,nn-ast,2.69031,67.93025956974043,0.067973318720838
ludcmp,INTER,SMALL2,mean,2.65931,67.14751035248965,0.06719007334006553
ludcmp,INTER,SMALL2,own,412.041793,10404.04486920513,10.410639711369528
ludcmp,INTER,SMALL2,nn-measured,42.238222,1066.514038985961,1.0671900733400654
ludcmp,INTER,SMALL2,mix-measured,42.238222,1066.514038985961,1.0671900733400654
ludcmp,INTER,SMALL2,oracle,39.578912,999.3665286334714,1.0
mvt,EXTRA,MEDIUM,native,0.0109,1.0,0.0024374824875828156
mvt,EXTRA,MEDIUM,instrumentation only,1.54902,142.1119266055046,0.34639533237757186
mvt,EXTRA,MEDIUM,full trace,4.471827,410.2593577981652,1.0
mvt,EXTRA,MEDIUM,static-fp,0.318,29.174311926605505,0.07111187440837939
mvt,EXTRA,MEDIUM,static-alpha,1.919696,176.11889908256882,0.4292867322461267
mvt,EXTRA,MEDIUM,pooled-static,1.919696,176.11889908256882,0.4292867322461267
mvt,EXTRA,MEDIUM,nn-static,1.919696,176.11889908256882,0.4292867322461267
mvt,EXTRA,MEDIUM,mix-static,1.919696,176.11889908256882,0.4292867322461267
mvt,EXTRA,MEDIUM,nn-ast,1.629696,149.51339449541285,0.36443628074162976
mvt,EXTRA,MEDIUM,mean,1.601696,146.9445871559633,0.3581748578377473
mvt,EXTRA,MEDIUM,own,13.902968,1275.5016513761468,3.1090129381123193
mvt,EXTRA,MEDIUM,nn-measured,6.073523,557.2039449541285,1.3581748578377473
mvt,EXTRA,MEDIUM,mix-measured,6.073523,557.2039449541285,1.3581748578377473
mvt,EXTRA,MEDIUM,oracle,4.471827,410.2593577981652,1.0
mvt,INTER,SMALL2,native,0.004398,1.0,0.001852555456614061
mvt,INTER,SMALL2,instrumentation only,1.713543,389.618690313779,0.7217902307396153
mvt,INTER,SMALL2,full trace,2.374018,539.7949067758071,1.0
mvt,INTER,SMALL2,static-fp,0.099,22.510231923601637,0.041701452979716246
mvt,INTER,SMALL2,static-alpha,1.663743,378.29536152796726,0.7008131362104247
mvt,INTER,SMALL2,pooled-static,1.663743,378.29536152796726,0.7008131362104247
mvt,INTER,SMALL2,nn-static,1.663743,378.29536152796726,0.7008131362104247
mvt,INTER,SMALL2,mix-static,1.663743,378.29536152796726,0.7008131362104247
mvt,INTER,SMALL2,nn-ast,1.594743,362.606412005457,0.6717484871639559
mvt,INTER,SMALL2,mean,1.564743,355.78512960436564,0.6591116832307085
mvt,INTER,SMALL2,own,15.963823999999999,3629.7917235106866,6.72439046376228
mvt,INTER,SMALL2,nn-measured,3.938761,895.5800363801728,1.6591116832307085
mvt,INTER,SMALL2,mix-measured,3.938761,895.5800363801728,1.6591116832307085
mvt,INTER,SMALL2,oracle,2.374018,539.7949067758071,1.0
nussinov,EXTRA,MEDIUM,native,0.125025,1.0,0.0015181606991041072
nussinov,EXTRA,MEDIUM,instrumentation only,3.423344,27.38127574485103,0.041569176727165376
nussinov,EXTRA,MEDIUM,full trace,82.352942,658.6917976404719,1.0
nussinov,EXTRA,MEDIUM,static-fp,7.663,61.29174165166967,0.09305071335520716
nussinov,EXTRA,MEDIUM,static-alpha,11.944590999999999,95.53762047590482,0.14504146069244253
nussinov,EXTRA,MEDIUM,pooled-static,11.944590999999999,95.53762047590482,0.14504146069244253
nussinov,EXTRA,MEDIUM,nn-static,11.944590999999999,95.53762047590482,0.14504146069244253
nussinov,EXTRA,MEDIUM,mix-static,11.944590999999999,95.53762047590482,0.14504146069244253
nussinov,EXTRA,MEDIUM,nn-ast,4.309590999999999,34.46983403319336,0.05233074733383537
nussinov,EXTRA,MEDIUM,mean,4.281591,34.24587882423515,0.05199074733723538
nussinov,EXTRA,MEDIUM,own,55.082282,440.57014197160566,0.6688562747400086
nussinov,EXTRA,MEDIUM,nn-measured,86.634533,692.9376764647071,1.0519907473372354
nussinov,EXTRA,MEDIUM,mix-measured,86.634533,692.9376764647071,1.0519907473372354
nussinov,EXTRA,MEDIUM,oracle,82.352942,658.6917976404719,1.0
nussinov,INTER,SMALL2,native,0.033562,1.0,0.002670784543954507
nussinov,INTER,SMALL2,instrumentation only,1.650003,49.16283296585424,0.13130333442222064
nussinov,INTER,SMALL2,full trace,12.566345,374.4218163399082,1.0
nussinov,INTER,SMALL2,static-fp,2.575,76.72367558548359,0.20491240690908932
nussinov,INTER,SMALL2,static-alpha,4.320325,128.72668494130266,0.3438012405357326
nussinov,INTER,SMALL2,pooled-static,4.320325,128.72668494130266,0.3438012405357326
nussinov,INTER,SMALL2,nn-static,4.320325,128.72668494130266,0.3438012405357326
nussinov,INTER,SMALL2,mix-static,4.320325,128.72668494130266,0.3438012405357326
nussinov,INTER,SMALL2,nn-ast,1.777325,52.95646862523091,0.14143531790667851
nussinov,INTER,SMALL2,mean,1.745325,52.00300935581908,0.13888883362664323
nussinov,INTER,SMALL2,own,122.332613,3644.973869256897,9.734939873129377
nussinov,INTER,SMALL2,nn-measured,14.31167,426.4248256957273,1.1388888336266432
nussinov,INTER,SMALL2,mix-measured,14.31167,426.4248256957273,1.1388888336266432
nussinov,INTER,SMALL2,oracle,12.566345,374.4218163399082,1.0
seidel-2d,EXTRA,MEDIUM,native,0.300948,1.0,0.0023385321228097844
seidel-2d,EXTRA,MEDIUM,instrumentation only,4.965626,16.499946834669114,0.03858565569752735
seidel-2d,EXTRA,MEDIUM,full trace,128.690984,427.61867166420774,1.0
seidel-2d,EXTRA,MEDIUM,static-fp,6.245,20.75109321211638,0.04852709805995423
seidel-2d,EXTRA,MEDIUM,static-alpha,13.847100000000001,46.011603333466255,0.1075996124172926
seidel-2d,EXTRA,MEDIUM,pooled-static,13.847100000000001,46.011603333466255,0.1075996124172926
seidel-2d,EXTRA,MEDIUM,nn-static,13.847100000000001,46.011603333466255,0.1075996124172926
seidel-2d,EXTRA,MEDIUM,mix-static,13.847100000000001,46.011603333466255,0.1075996124172926
seidel-2d,EXTRA,MEDIUM,nn-ast,7.6301,25.353549450403392,0.05929008981701469
seidel-2d,EXTRA,MEDIUM,mean,7.6021,25.260510121349867,0.05907251435733836
seidel-2d,EXTRA,MEDIUM,own,82.72639799999999,274.88602017624305,0.6428297882934829
seidel-2d,EXTRA,MEDIUM,nn-measured,136.293084,452.87918178555765,1.0590725143573385
seidel-2d,EXTRA,MEDIUM,mix-measured,136.293084,452.87918178555765,1.0590725143573385
seidel-2d,EXTRA,MEDIUM,oracle,128.690984,427.61867166420774,1.0
seidel-2d,INTER,SMALL2,native,0.035876,1.0,0.001906000938443544
seidel-2d,INTER,SMALL2,instrumentation only,1.814207,50.568820381313415,0.09638421910276637
seidel-2d,INTER,SMALL2,full trace,18.822656,524.6587133459694,1.0
seidel-2d,INTER,SMALL2,static-fp,0.759,21.15620470509533,0.04032374602181542
seidel-2d,INTER,SMALL2,static-alpha,2.890328,80.56438844910247,0.1535557999891195
seidel-2d,INTER,SMALL2,pooled-static,2.890328,80.56438844910247,0.1535557999891195
seidel-2d,INTER,SMALL2,nn-static,2.890328,80.56438844910247,0.1535557999891195
seidel-2d,INTER,SMALL2,mix-static,2.890328,80.56438844910247,0.1535557999891195
seidel-2d,INTER,SMALL2,nn-ast,2.1613279999999997,60.24439736871445,0.11482587792073551
seidel-2d,INTER,SMALL2,mean,2.131328,59.40818374400713,0.11323205396730408
seidel-2d,INTER,SMALL2,own,187.12395399999997,5215.853328130226,9.941421338200092
seidel-2d,INTER,SMALL2,nn-measured,20.953984,584.0668970899766,1.1132320539673042
seidel-2d,INTER,SMALL2,mix-measured,20.953984,584.0668970899766,1.1132320539673042
seidel-2d,INTER,SMALL2,oracle,18.822656,524.6587133459694,1.0
symm,EXTRA,MEDIUM,native,0.060732,1.0,0.001746667872680072
symm,EXTRA,MEDIUM,instrumentation only,2.170844,35.7446486201673,0.062434029365084284
symm,EXTRA,MEDIUM,full trace,34.770205,572.5186886649542,1.0
symm,EXTRA,MEDIUM,static-fp,1.205,19.841269841269842,0.03465610858492207
symm,EXTRA,MEDIUM,static-alpha,3.863421,63.61425607587434,0.11111297733217278
symm,EXTRA,MEDIUM,pooled-static,3.863421,63.61425607587434,0.11111297733217278
symm,EXTRA,MEDIUM,nn-static,3.863421,63.61425607587434,0.11111297733217278
symm,EXTRA,MEDIUM,mix-static,3.863421,63.61425607587434,0.11111297733217278
symm,EXTRA,MEDIUM,nn-ast,2.686421,44.23402818942238,0.07726215591768873
symm,EXTRA,MEDIUM,mean,2.658421,43.772986234604495,0.0764568687472507
symm,EXTRA,MEDIUM,own,30.694702,505.41233616544815,0.8827874900363688
symm,EXTRA,MEDIUM,nn-measured,37.428625999999994,616.2916748995586,1.0764568687472507
symm,EXTRA,MEDIUM,mix-measured,37.428625999999994,616.2916748995586,1.0764568687472507
symm,EXTRA,MEDIUM,oracle,34.770205,572.5186886649542,1.0
symm,INTER,SMALL2,native,0.007556,1.0,0.0016112571345467945
symm,INTER,SMALL2,instrumentation only,1.718474,227.43170989941768,0.3664509651976136
symm,INTER,SMALL2,full trace,4.689506,620.6334039174166,1.0
symm,INTER,SMALL2,static-fp,0.166,21.96929592376919,0.03539818479814292
symm,INTER,SMALL2,static-alpha,2.2111199999999998,292.6310217046056,0.47150382151126363
symm,INTER,SMALL2,pooled-static,2.2111199999999998,292.6310217046056,0.47150382151126363
symm,INTER,SMALL2,nn-static,2.2111199999999998,292.6310217046056,0.47150382151126363
symm,INTER,SMALL2,mix-static,2.2111199999999998,292.6310217046056,0.47150382151126363
symm,INTER,SMALL2,nn-ast,2.0751199999999996,274.63208046585487,0.44250289902603807
symm,INTER,SMALL2,mean,2.04512,270.6617257808364,0.43610563671312075
symm,INTER,SMALL2,own,60.162099999999995,7962.162519851772,12.829091166532253
symm,INTER,SMALL2,nn-measured,6.734626,891.2951296982529,1.4361056367131206
symm,INTER,SMALL2,mix-measured,6.734626,891.2951296982529,1.4361056367131206
symm,INTER,SMALL2,oracle,4.689506,620.6334039174166,1.0
syr2k,EXTRA,MEDIUM,native,0.071385,1.0,0.0018434433316068296
syr2k,EXTRA,MEDIUM,instrumentation only,2.267648,31.76644953421587,0.05855964956267512
syr2k,EXTRA,MEDIUM,full trace,38.723729,542.4631084961826,1.0
syr2k,EXTRA,MEDIUM,static-fp,1.319,18.477271135392588,0.03406180226083082
syr2k,EXTRA,MEDIUM,static-alpha,3.906735,54.727673881067446,0.10088736547040704
syr2k,EXTRA,MEDIUM,pooled-static,3.906735,54.727673881067446,0.10088736547040704
syr2k,EXTRA,MEDIUM,nn-static,3.906735,54.727673881067446,0.10088736547040704
syr2k,EXTRA,MEDIUM,mix-static,3.906735,54.727673881067446,0.10088736547040704
syr2k,EXTRA,MEDIUM,nn-ast,2.614735,36.62863346641451,0.06752281010953258
syr2k,EXTRA,MEDIUM,mean,2.587735,36.25040274567486,0.06682556320957622
syr2k,EXTRA,MEDIUM,own,33.136373,464.1923793514043,0.8557123462980541
syr2k,EXTRA,MEDIUM,nn-measured,41.311464,578.7135112418575,1.0668255632095762
syr2k,EXTRA,MEDIUM,mix-measured,41.311464,578.7135112418575,1.0668255632095762
syr2k,EXTRA,MEDIUM,oracle,38.723729,542.4631084961826,1.0
syr2k,INTER,SMALL2,native,0.008482,1.0,0.0014956760819140986
syr2k,INTER,SMALL2,instrumentation only,1.574588,185.6387644423485,0.2776554598525061
syr2k,INTER,SMALL2,full trace,5.671014,668.5939636878095,1.0
syr2k,INTER,SMALL2,static-fp,0.293,34.54373968403678,0.05166624522528069
syr2k,INTER,SMALL2,static-alpha,1.878888,221.51473709030887,0.3313142940574648
syr2k,INTER,SMALL2,pooled-static,1.878888,221.51473709030887,0.3313142940574648
syr2k,INTER,SMALL2,nn-static,1.878888,221.51473709030887,0.3313142940574648
syr2k,INTER,SMALL2,mix-static,1.878888,221.51473709030887,0.3313142940574648
syr2k,INTER,SMALL2,nn-ast,1.6148879999999999,190.39000235793443,0.28476177276233133
syr2k,INTER,SMALL2,mean,1.585888,186.9709974062721,0.27964804883218414
syr2k,INTER,SMALL2,own,65.187241,7685.362060834709,11.494812215240518
syr2k,INTER,SMALL2,nn-measured,7.256902,855.5649610940816,1.2796480488321842
syr2k,INTER,SMALL2,mix-measured,7.256902,855.5649610940816,1.2796480488321842
syr2k,INTER,SMALL2,oracle,5.671014,668.5939636878095,1.0
syrk,EXTRA,MEDIUM,native,0.045069,1.0,0.0017144705284079652
syrk,EXTRA,MEDIUM,instrumentation only,2.207668,48.98417981317535,0.08398193264792553
syrk,EXTRA,MEDIUM,full trace,26.287416,583.2704519736404,1.0
syrk,EXTRA,MEDIUM,static-fp,0.984,21.833189110031284,0.037432359270306366
syrk,EXTRA,MEDIUM,static-alpha,3.203349,71.076549291087,0.12185864902050471
syrk,EXTRA,MEDIUM,pooled-static,3.203349,71.076549291087,0.12185864902050471
syrk,EXTRA,MEDIUM,nn-static,3.203349,71.076549291087,0.12185864902050471
syrk,EXTRA,MEDIUM,mix-static,3.203349,71.076549291087,0.12185864902050471
syrk,EXTRA,MEDIUM,nn-ast,2.246349,49.84244158956267,0.08545339716920065
syrk,EXTRA,MEDIUM,mean,2.219349,49.243360181055714,0.08442628975019834
syrk,EXTRA,MEDIUM,own,25.240385,560.0387184095498,0.9601698774805405
syrk,EXTRA,MEDIUM,nn-measured,28.506765,632.5138121546962,1.0844262897501984
syrk,EXTRA,MEDIUM,mix-measured,28.506765,632.5138121546962,1.0844262897501984
syrk,EXTRA,MEDIUM,oracle,26.287416,583.2704519736404,1.0
syrk,INTER,SMALL2,native,0.008129,1.0,0.001870246017070798
syrk,INTER,SMALL2,instrumentation only,1.543991,189.9361545085496,0.3552273364673586
syrk,INTER,SMALL2,full trace,4.346487,534.6890146389469,1.0
syrk,INTER,SMALL2,static-fp,0.156,19.19055234346168,0.03589105408574787
syrk,INTER,SMALL2,static-alpha,1.838225,226.13175052281952,0.42292200574855054
syrk,INTER,SMALL2,pooled-static,1.838225,226.13175052281952,0.42292200574855054
syrk,INTER,SMALL2,nn-static,1.838225,226.13175052281952,0.42292200574855054
syrk,INTER,SMALL2,mix-static,1.838225,226.13175052281952,0.42292200574855054
syrk,INTER,SMALL2,nn-ast,1.711225,210.5086726534629,0.39370300658899937
syrk,INTER,SMALL2,mean,1.682225,206.94119817935785,0.38703095166280266
syrk,INTER,SMALL2,own,46.64419,5737.998523803665,10.731468885101924
syrk,INTER,SMALL2,nn-measured,6.028712,741.6302128183047,1.3870309516628025
syrk,INTER,SMALL2,mix-measured,6.028712,741.6302128183047,1.3870309516628025
syrk,INTER,SMALL2,oracle,4.346487,534.6890146389469,1.0
trisolv,EXTRA,MEDIUM,native,0.00448,1.0,0.0027023440421758693
trisolv,EXTRA,MEDIUM,instrumentation only,1.486788,331.87232142857147,0.8968331905755751
trisolv,EXTRA,MEDIUM,full trace,1.65782,370.04910714285717,1.0
trisolv,EXTRA,MEDIUM,static-fp,0.178,39.73214285714286,0.10736991953288053
trisolv,EXTRA,MEDIUM,static-alpha,1.6632749999999998,371.26674107142856,1.003290465792426
trisolv,EXTRA,MEDIUM,pooled-static,1.6632749999999998,371.26674107142856,1.003290465792426
trisolv,EXTRA,MEDIUM,nn-static,1.6632749999999998,371.26674107142856,1.003290465792426
trisolv,EXTRA,MEDIUM,mix-static,1.6632749999999998,371.26674107142856,1.003290465792426
trisolv,EXTRA,MEDIUM,nn-ast,1.513275,337.7845982142857,0.9128101965231448
trisolv,EXTRA,MEDIUM,mean,1.485275,331.5345982142857,0.8959205462595455
trisolv,EXTRA,MEDIUM,own,8.724503,1947.433705357143,5.262635871204353
trisolv,EXTRA,MEDIUM,nn-measured,3.1430949999999998,701.5837053571429,1.8959205462595454
trisolv,EXTRA,MEDIUM,mix-measured,3.1430949999999998,701.5837053571429,1.8959205462595454
trisolv,EXTRA,MEDIUM,oracle,1.65782,370.04910714285717,1.0
trisolv,INTER,SMALL2,native,0.002842,1.0,0.002281651491784208
trisolv,INTER,SMALL2,instrumentation only,1.599346,562.7536945812808,1.284007806748454
trisolv,INTER,SMALL2,full trace,1.245589,438.27902885292053,1.0
trisolv,INTER,SMALL2,static-fp,0.074,26.038001407459536,0.05940964475440935
trisolv,INTER,SMALL2,static-alpha,1.691686,595.2448979591837,1.3581414094055102
trisolv,INTER,SMALL2,pooled-static,1.691686,595.2448979591837,1.3581414094055102
trisolv,INTER,SMALL2,nn-static,1.691686,595.2448979591837,1.3581414094055102
trisolv,INTER,SMALL2,mix-static,1.691686,595.2448979591837,1.3581414094055102
trisolv,INTER,SMALL2,nn-ast,1.647686,579.7628430682618,1.3228167557677533
trisolv,INTER,SMALL2,mean,1.617686,569.2068965517242,1.2987317646511007
trisolv,INTER,SMALL2,own,9.269145,3261.4866291344124,7.4415758327987795
trisolv,INTER,SMALL2,nn-measured,2.863275,1007.4859254046446,2.2987317646511007
trisolv,INTER,SMALL2,mix-measured,2.863275,1007.4859254046446,2.2987317646511007
trisolv,INTER,SMALL2,oracle,1.245589,438.27902885292053,1.0
trmm,EXTRA,MEDIUM,native,0.037433,1.0,0.0017315937615255898
trmm,EXTRA,MEDIUM,instrumentation only,2.260849,60.39721635989634,0.10458344306230781
trmm,EXTRA,MEDIUM,full trace,21.617657,577.5026580824407,1.0
trmm,EXTRA,MEDIUM,static-fp,0.846,22.60037934442871,0.039134675880924556
trmm,EXTRA,MEDIUM,static-alpha,3.092616,82.61736970053161,0.14305972196709385
trmm,EXTRA,MEDIUM,pooled-static,3.092616,82.61736970053161,0.14305972196709385
trmm,EXTRA,MEDIUM,nn-static,3.092616,82.61736970053161,0.14305972196709385
trmm,EXTRA,MEDIUM,mix-static,3.092616,82.61736970053161,0.14305972196709385
trmm,EXTRA,MEDIUM,nn-ast,2.275616,60.791707851361096,0.10526654206790309
trmm,EXTRA,MEDIUM,mean,2.246616,60.0169903561029,0.10392504608616927
trmm,EXTRA,MEDIUM,own,21.424333999999998,572.338150829482,0.9910571714594231
trmm,EXTRA,MEDIUM,nn-measured,23.864273,637.5196484385435,1.1039250460861691
trmm,EXTRA,MEDIUM,mix-measured,23.864273,637.5196484385435,1.1039250460861691
trmm,EXTRA,MEDIUM,oracle,21.617657,577.5026580824407,1.0
trmm,INTER,SMALL2,native,0.005883,1.0,0.0016544325462287768
trmm,INTER,SMALL2,instrumentation only,1.474654,250.66360700322963,0.41470602958124264
trmm,INTER,SMALL2,full trace,3.555902,604.4368519462859,1.0
trmm,INTER,SMALL2,static-fp,0.13,22.09756926738059,0.03655893778849923
trmm,INTER,SMALL2,static-alpha,1.806673,307.1006289308176,0.5080772754704713
trmm,INTER,SMALL2,pooled-static,1.806673,307.1006289308176,0.5080772754704713
trmm,INTER,SMALL2,nn-static,1.806673,307.1006289308176,0.5080772754704713
trmm,INTER,SMALL2,mix-static,1.806673,307.1006289308176,0.5080772754704713
trmm,INTER,SMALL2,nn-ast,1.705673,289.9325174230834,0.47967379303479113
trmm,INTER,SMALL2,mean,1.676673,285.003059663437,0.4715183376819721
trmm,INTER,SMALL2,own,38.916146000000005,6615.017168111508,10.944099696785795
trmm,INTER,SMALL2,nn-measured,5.232575000000001,889.439911609723,1.4715183376819723
trmm,INTER,SMALL2,mix-measured,5.232575000000001,889.439911609723,1.4715183376819723
trmm,INTER,SMALL2,oracle,3.555902,604.4368519462859,1.0
