workload,config,footprint,references,addresses,total,unresolved,uncertain,data_loops,data_branches,errors,seconds,coverage,pin_references
2mm,MEDIUM,1546600.0,259992129.0,193360.0,259992129.0,0.0,0.0,0.0,0.0,0.0,3.3171205520629883,1.0,304290803
2mm,MINI,15016.0,259297.0,1912.0,259297.0,0.0,0.0,0.0,0.0,0.0,0.1660752296447754,1.0,362981
2mm,MINI2,28392.0,684899.0,3584.0,684899.0,0.0,0.0,0.0,0.0,0.0,0.14005708694458008,1.0,858451
2mm,MINI3,50968.0,1620848.0,6406.0,1620848.0,0.0,0.0,0.0,0.0,0.0,0.16295480728149414,1.0,1949586
2mm,SMALL,124200.0,5467649.0,15560.0,5467649.0,0.0,0.0,0.0,0.0,0.0,0.21848011016845703,1.0,6439952
2mm,SMALL2,357000.0,28304459.0,44660.0,28304459.0,0.0,0.0,0.0,0.0,0.0,0.46603870391845703,1.0,33148460
2mm,SMALL3,841800.0,101323949.0,105260.0,101323949.0,0.0,0.0,0.0,0.0,0.0,1.4926702976226807,1.0,118586623
3mm,MEDIUM,2191392.0,390784373.0,273966.0,390784373.0,0.0,0.0,0.0,0.0,0.0,5.0953192710876465,1.0,459246627
3mm,MINI,21600.0,399265.0,2742.0,399265.0,0.0,0.0,0.0,0.0,0.0,0.17880654335021973,1.0,527500
3mm,MINI2,42720.0,1102633.0,5382.0,1102633.0,0.0,0.0,0.0,0.0,0.0,0.15510106086730957,1.0,1349534
3mm,MINI3,71008.0,2351665.0,8918.0,2351665.0,0.0,0.0,0.0,0.0,0.0,0.1896495819091797,1.0,2811701
3mm,SMALL,186592.0,9453913.0,23366.0,9453913.0,0.0,0.0,0.0,0.0,0.0,0.2826344966888428,1.0,11137475
3mm,SMALL2,535392.0,46681473.0,66966.0,46681473.0,0.0,0.0,0.0,0.0,0.0,0.7522649765014648,1.0,54845422
3mm,SMALL3,1204392.0,156667338.0,150591.0,156667338.0,0.0,0.0,0.0,0.0,0.0,2.3241448402404785,1.0,184067092
adi,MEDIUM,1267472.0,519084082.0,158469.0,519084082.0,0.0,0.0,0.0,0.0,0.0,5.66581916809082,1.0,526986568
adi,MINI,11792.0,880742.0,1509.0,880742.0,0.0,0.0,0.0,0.0,0.0,0.15526700019836426,1.0,956170
adi,MINI2,27152.0,2112412.0,3429.0,2112412.0,0.0,0.0,0.0,0.0,0.0,0.18483614921569824,1.0,2206244
adi,MINI3,48912.0,5801942.0,6149.0,5801942.0,0.0,0.0,0.0,0.0,0.0,0.20171689987182617,1.0,5951080
adi,SMALL,111632.0,17935942.0,13989.0,17935942.0,0.0,0.0,0.0,0.0,0.0,0.31168413162231445,1.0,18267569
adi,SMALL2,199952.0,48525402.0,25029.0,48525402.0,0.0,0.0,0.0,0.0,0.0,0.7445614337921143,1.0,49318232
adi,SMALL3,453392.0,147740602.0,56709.0,147740602.0,0.0,0.0,0.0,0.0,0.0,1.8238484859466553,1.0,150031113
atax,MEDIUM,1288996.0,7369815.0,161149.0,7369815.0,0.0,0.0,0.0,0.0,0.0,0.4427485466003418,1.0,7432561
atax,MINI,13860.0,74903.0,1757.0,74903.0,0.0,0.0,0.0,0.0,0.0,0.10480856895446777,1.0,137354
atax,MINI2,23812.0,130751.0,3001.0,130751.0,0.0,0.0,0.0,0.0,0.0,0.10730504989624023,1.0,193202
atax,MINI3,58484.0,326903.0,7335.0,326903.0,0.0,0.0,0.0,0.0,0.0,0.14201092720031738,1.0,389365
atax,SMALL,118100.0,666023.0,14787.0,666023.0,0.0,0.0,0.0,0.0,0.0,0.1105496883392334,1.0,728555
atax,SMALL2,171636.0,971255.0,21479.0,971255.0,0.0,0.0,0.0,0.0,0.0,0.14506220817565918,1.0,1033766
atax,SMALL3,344308.0,1957847.0,43063.0,1957847.0,0.0,0.0,0.0,0.0,0.0,0.1717686653137207,1.0,2020420
bicg,MEDIUM,1292132.0,6731919.0,161541.0,6731919.0,0.0,0.0,0.0,0.0,0.0,0.44329023361206055,1.0,6794564
bicg,MINI,14180.0,68703.0,1797.0,68703.0,0.0,0.0,0.0,0.0,0.0,0.1294858455657959,1.0,131403
bicg,MINI2,24228.0,119797.0,3053.0,119797.0,0.0,0.0,0.0,0.0,0.0,0.099029541015625,1.0,182473
bicg,MINI3,59140.0,299123.0,7417.0,299123.0,0.0,0.0,0.0,0.0,0.0,0.1061398983001709,1.0,361778
bicg,SMALL,119044.0,609011.0,14905.0,609011.0,0.0,0.0,0.0,0.0,0.0,0.17890143394470215,1.0,671702
bicg,SMALL2,172772.0,887889.0,21621.0,887889.0,0.0,0.0,0.0,0.0,0.0,0.1365668773651123,1.0,950577
bicg,SMALL3,345924.0,1789135.0,43265.0,1789135.0,0.0,0.0,0.0,0.0,0.0,0.19150042533874512,1.0,1851823
cholesky,MEDIUM,2560080.0,1276471239.0,320038.0,1276471239.0,0.0,0.0,0.0,0.0,0.0,17.248706579208374,1.0,1500865173
cholesky,MINI,25680.0,1342359.0,3238.0,1342359.0,0.0,0.0,0.0,0.0,0.0,0.13137030601501465,1.0,1643156
cholesky,MINI2,57680.0,4446919.0,7238.0,4446919.0,0.0,0.0,0.0,0.0,0.0,0.1969306468963623,1.0,5283771
cholesky,MINI3,102480.0,10443079.0,12838.0,10443079.0,0.0,0.0,0.0,0.0,0.0,0.29180216789245605,1.0,12321577
cholesky,SMALL,230480.0,34918199.0,28838.0,34918199.0,0.0,0.0,0.0,0.0,0.0,0.5783815383911133,1.0,41068813
cholesky,SMALL2,518480.0,117117879.0,64838.0,117117879.0,0.0,0.0,0.0,0.0,0.0,1.5541722774505615,1.0,137668063
cholesky,SMALL3,921680.0,276749959.0,115238.0,276749959.0,0.0,0.0,0.0,0.0,0.0,3.6186130046844482,1.0,325322693
correlation,MEDIUM,963992.0,131383610.0,120527.0,131383610.0,0.0,480.0,0.0,1.0,0.0,1.9489068984985352,0.9999963465762587,154703386
correlation,MINI,14040.0,273112.0,1783.0,273112.0,0.0,56.0,0.0,1.0,0.0,0.13474011421203613,0.9997949559155218,396217
correlation,MINI2,29592.0,810790.0,3727.0,810790.0,0.0,80.0,0.0,1.0,0.0,0.1406252384185791,0.9999013308008239,1030161
correlation,MINI3,65912.0,2587310.0,8267.0,2587310.0,0.0,120.0,0.0,1.0,0.0,0.15884613990783691,0.9999536197827087,3123091
correlation,SMALL,116632.0,5957930.0,14607.0,5957930.0,0.0,160.0,0.0,1.0,0.0,0.2172682285308838,0.9999731450352723,7092630
correlation,SMALL2,251672.0,18229550.0,31487.0,18229550.0,0.0,240.0,0.0,1.0,0.0,0.38837456703186035,0.9999868345625647,21538457
correlation,SMALL3,550232.0,57432980.0,68807.0,57432980.0,0.0,360.0,0.0,1.0,0.0,0.9102957248687744,0.9999937318244674,67678276
covariance,MEDIUM,962048.0,130646212.0,120284.0,130646212.0,0.0,0.0,0.0,0.0,0.0,1.8546538352966309,1.0,153727325
covariance,MINI,13792.0,262068.0,1752.0,262068.0,0.0,0.0,0.0,0.0,0.0,0.12803125381469727,1.0,369831
covariance,MINI2,29248.0,785892.0,3684.0,785892.0,0.0,0.0,0.0,0.0,0.0,0.12881684303283691,1.0,985575
covariance,MINI3,65408.0,2531662.0,8204.0,2531662.0,0.0,0.0,0.0,0.0,0.0,0.13683533668518066,1.0,3038165
covariance,SMALL,115968.0,5859332.0,14524.0,5859332.0,0.0,0.0,0.0,0.0,0.0,0.21397066116333008,1.0,6951369
covariance,SMALL2,250688.0,18026452.0,31364.0,18026452.0,0.0,0.0,0.0,0.0,0.0,0.3759574890136719,1.0,21260500
covariance,SMALL3,548768.0,57004132.0,68624.0,57004132.0,0.0,0.0,0.0,0.0,0.0,0.8938446044921875,1.0,67105235
doitgen,MEDIUM,989396.0,126798371.0,123713.0,126798371.0,0.0,0.0,0.0,0.0,0.0,1.774141550064087,1.0,141260383
doitgen,MINI,9044.0,233763.0,1169.0,233763.0,0.0,0.0,0.0,0.0,0.0,0.1110677719116211,1.0,318941
doitgen,MINI2,23796.0,834191.0,3013.0,834191.0,0.0,0.0,0.0,0.0,0.0,0.11846399307250977,1.0,982347
doitgen,MINI3,49556.0,2175899.0,6233.0,2175899.0,0.0,0.0,0.0,0.0,0.0,0.13869595527648926,1.0,2468440
doitgen,SMALL,127556.0,8209911.0,15983.0,8209911.0,0.0,0.0,0.0,0.0,0.0,0.2484443187713623,1.0,9172057
doitgen,SMALL2,220196.0,16591916.0,27563.0,16591916.0,0.0,0.0,0.0,0.0,0.0,0.32236289978027344,1.0,18491428
doitgen,SMALL3,349236.0,30109871.0,43693.0,30109871.0,0.0,0.0,0.0,0.0,0.0,0.5602908134460449,1.0,33531883
fdtd-2d,MEDIUM,1152944.0,340465359.0,144146.0,340465359.0,0.0,0.0,0.0,0.0,0.0,4.093098402023315,1.0,340527397
fdtd-2d,MINI,14704.0,832379.0,1866.0,832379.0,0.0,0.0,0.0,0.0,0.0,0.144669771194458,1.0,894853
fdtd-2d,MINI2,29104.0,1685649.0,3666.0,1685649.0,0.0,0.0,0.0,0.0,0.0,0.1426527500152588,1.0,1748125
fdtd-2d,MINI3,57984.0,5066709.0,7276.0,5066709.0,0.0,0.0,0.0,0.0,0.0,0.1696321964263916,1.0,5129182
fdtd-2d,SMALL,115664.0,13556439.0,14486.0,13556439.0,0.0,0.0,0.0,0.0,0.0,0.25566840171813965,1.0,13618911
fdtd-2d,SMALL2,259824.0,45836429.0,32506.0,45836429.0,0.0,0.0,0.0,0.0,0.0,0.6535155773162842,1.0,45899007
fdtd-2d,SMALL3,648784.0,153115229.0,81126.0,153115229.0,0.0,0.0,0.0,0.0,0.0,2.102895736694336,1.0,153177267
floyd-warshall,MEDIUM,1000064.0,3066344024.0,907041.0,3066344024.0,0.0,0.0,0.0,0.0,0.0,36.592450857162476,1.0,2505955256
floyd-warshall,MINI,14464.0,5383832.0,12952.0,5383832.0,0.0,0.0,0.0,0.0,0.0,0.7036848068237305,1.0,4467262
floyd-warshall,MINI2,32464.0,18052312.0,28327.0,18052312.0,0.0,0.0,0.0,0.0,0.0,1.0428340435028076,1.0,14833606
floyd-warshall,MINI3,57664.0,42694632.0,51560.0,42694632.0,0.0,0.0,0.0,0.0,0.0,1.6717979907989502,1.0,34962383
floyd-warshall,SMALL,129664.0,143593628.0,115972.0,143593628.0,0.0,0.0,0.0,0.0,0.0,3.51910400390625,1.0,117466666
floyd-warshall,SMALL2,230464.0,339940276.0,207308.0,339940276.0,0.0,0.0,0.0,0.0,0.0,6.561898708343506,1.0,277900924
floyd-warshall,SMALL3,409664.0,804733372.0,370128.0,804733372.0,0.0,0.0,0.0,0.0,0.0,14.38617491722107,1.0,657836964
gemm,MEDIUM,1158560.0,192600148.0,144848.0,192600148.0,0.0,0.0,0.0,0.0,0.0,2.536362409591675,1.0,224473646
gemm,MINI,14960.0,302158.0,1898.0,302158.0,0.0,0.0,0.0,0.0,0.0,0.11176156997680664,1.0,410867
gemm,MINI2,29360.0,819768.0,3698.0,819768.0,0.0,0.0,0.0,0.0,0.0,0.11446571350097656,1.0,1011100
gemm,MINI3,59960.0,2358558.0,7523.0,2358558.0,0.0,0.0,0.0,0.0,0.0,0.16109347343444824,1.0,2798699
gemm,SMALL,116960.0,6300868.0,14648.0,6300868.0,0.0,0.0,0.0,0.0,0.0,0.1771230697631836,1.0,7383646
gemm,SMALL2,342560.0,30975048.0,42848.0,30975048.0,0.0,0.0,0.0,0.0,0.0,0.47644853591918945,1.0,36113109
gemm,SMALL3,774560.0,105358908.0,96848.0,105358908.0,0.0,0.0,0.0,0.0,0.0,1.2511968612670898,1.0,122786806
gemver,MEDIUM,1305884.0,11552497.0,163253.0,11552497.0,0.0,0.0,0.0,0.0,0.0,0.5415689945220947,1.0,11616376
gemver,MINI,15644.0,118537.0,1973.0,118537.0,0.0,0.0,0.0,0.0,0.0,0.11376404762268066,1.0,182371
gemver,MINI2,38244.0,309562.0,4798.0,309562.0,0.0,0.0,0.0,0.0,0.0,0.119354248046875,1.0,373378
gemver,MINI3,70844.0,590587.0,8873.0,590587.0,0.0,0.0,0.0,0.0,0.0,0.13209152221679688,1.0,654393
gemver,SMALL,123164.0,1046617.0,15413.0,1046617.0,0.0,0.0,0.0,0.0,0.0,0.1395411491394043,1.0,1110448
gemver,SMALL2,333084.0,2896297.0,41653.0,2896297.0,0.0,0.0,0.0,0.0,0.0,0.20446443557739258,1.0,2960252
gemver,SMALL3,839964.0,7398817.0,105013.0,7398817.0,0.0,0.0,0.0,0.0,0.0,0.3818173408508301,1.0,7462769
gesummv,MEDIUM,1006172.0,3134310.0,125796.0,3134310.0,0.0,0.0,0.0,0.0,0.0,0.3441128730773926,1.0,3196857
gesummv,MINI,15292.0,46170.0,1936.0,46170.0,0.0,0.0,0.0,0.0,0.0,0.09993624687194824,1.0,108855
gesummv,MINI2,33652.0,102975.0,4231.0,102975.0,0.0,0.0,0.0,0.0,0.0,0.0956418514251709,1.0,165674
gesummv,MINI3,80252.0,247650.0,10056.0,247650.0,0.0,0.0,0.0,0.0,0.0,0.10517215728759766,1.0,310357
gesummv,SMALL,131932.0,408390.0,16516.0,408390.0,0.0,0.0,0.0,0.0,0.0,0.1257920265197754,1.0,471066
gesummv,SMALL2,233452.0,724500.0,29206.0,724500.0,0.0,0.0,0.0,0.0,0.0,0.13967466354370117,1.0,787213
gesummv,SMALL3,522892.0,1626720.0,65386.0,1626720.0,0.0,0.0,0.0,0.0,0.0,0.22273731231689453,1.0,1689267
gramschmidt,MEDIUM,1228912.0,215310248.0,153635.0,215310248.0,0.0,0.0,0.0,0.0,0.0,2.865783452987671,1.0,232688088
gramschmidt,MINI,16912.0,363788.0,2135.0,363788.0,0.0,0.0,0.0,0.0,0.0,0.11521482467651367,1.0,464963
gramschmidt,MINI2,32112.0,946058.0,4035.0,946058.0,0.0,0.0,0.0,0.0,0.0,0.1146392822265625,1.0,1092596
gramschmidt,MINI3,52112.0,1943828.0,6535.0,1943828.0,0.0,0.0,0.0,0.0,0.0,0.12109732627868652,1.0,2168851
gramschmidt,SMALL,128112.0,7334068.0,16035.0,7334068.0,0.0,0.0,0.0,0.0,0.0,0.2124192714691162,1.0,7986512
gramschmidt,SMALL2,307312.0,27189148.0,38435.0,27189148.0,0.0,0.0,0.0,0.0,0.0,0.49271583557128906,1.0,29429513
gramschmidt,SMALL3,691312.0,91143198.0,86435.0,91143198.0,0.0,0.0,0.0,0.0,0.0,1.4161717891693115,1.0,98520358
heat-3d,MEDIUM,1024108.0,716639215.0,128045.0,716639215.0,0.0,0.0,0.0,0.0,0.0,7.0022594928741455,1.0,684033299
heat-3d,MINI,16108.0,1371345.0,2045.0,1371345.0,0.0,0.0,0.0,0.0,0.0,0.17629098892211914,1.0,1375696
heat-3d,MINI2,27756.0,3191135.0,3501.0,3191135.0,0.0,0.0,0.0,0.0,0.0,0.18969249725341797,1.0,3115840
heat-3d,MINI3,54108.0,8710850.0,6795.0,8710850.0,0.0,0.0,0.0,0.0,0.0,0.22133111953735352,1.0,8390681
heat-3d,SMALL,128108.0,30673255.0,16045.0,30673255.0,0.0,0.0,0.0,0.0,0.0,0.44050121307373047,1.0,29367372
heat-3d,SMALL2,250108.0,79773810.0,31295.0,79773810.0,0.0,0.0,0.0,0.0,0.0,0.9564120769500732,1.0,76248005
heat-3d,SMALL3,432108.0,172427765.0,54045.0,172427765.0,0.0,0.0,0.0,0.0,0.0,1.6619291305541992,1.0,164694329
jacobi-2d,MEDIUM,1000096.0,358198187.0,125040.0,358198187.0,0.0,0.0,0.0,0.0,0.0,4.250891923904419,1.0,358384495
jacobi-2d,MINI,14496.0,933927.0,1840.0,933927.0,0.0,0.0,0.0,0.0,0.0,0.12038683891296387,1.0,997581
jacobi-2d,MINI2,40096.0,3403237.0,5040.0,3403237.0,0.0,0.0,0.0,0.0,0.0,0.14057397842407227,1.0,3470174
jacobi-2d,MINI3,57696.0,5943277.0,7240.0,5943277.0,0.0,0.0,0.0,0.0,0.0,0.15250062942504883,1.0,6012353
jacobi-2d,SMALL,129696.0,18162227.0,16240.0,18162227.0,0.0,0.0,0.0,0.0,0.0,0.2674245834350586,1.0,18240287
jacobi-2d,SMALL2,230496.0,40722777.0,28840.0,40722777.0,0.0,0.0,0.0,0.0,0.0,0.5586032867431641,1.0,40813450
jacobi-2d,SMALL3,409696.0,101971337.0,51240.0,101971337.0,0.0,0.0,0.0,0.0,0.0,1.2953684329986572,1.0,102083845
lu,MEDIUM,2560080.0,1457005439.0,320038.0,1457005439.0,0.0,0.0,0.0,0.0,0.0,18.121339082717896,1.0,1713146947
lu,MINI,25680.0,1515779.0,3238.0,1515779.0,0.0,0.0,0.0,0.0,0.0,0.12939190864562988,1.0,1834470
lu,MINI2,57680.0,5041049.0,7238.0,5041049.0,0.0,0.0,0.0,0.0,0.0,0.17798233032226562,1.0,5968755
lu,MINI3,102480.0,11861919.0,12838.0,11861919.0,0.0,0.0,0.0,0.0,0.0,0.2585606575012207,1.0,13975031
lu,SMALL,230480.0,39742459.0,28838.0,39742459.0,0.0,0.0,0.0,0.0,0.0,0.6255474090576172,1.0,46723607
lu,SMALL2,518480.0,133480269.0,64838.0,133480269.0,0.0,0.0,0.0,0.0,0.0,1.8155162334442139,1.0,156885867
lu,SMALL3,921680.0,315630479.0,115238.0,315630479.0,0.0,0.0,0.0,0.0,0.0,4.1540687084198,1.0,371016707
ludcmp,MEDIUM,2569744.0,1396541066.0,321253.0,1396541066.0,0.0,0.0,0.0,0.0,0.0,17.197942972183228,1.0,1588684591
ludcmp,MINI,26704.0,1488566.0,3373.0,1488566.0,0.0,0.0,0.0,0.0,0.0,0.16684722900390625,1.0,1744165
ludcmp,MINI2,59184.0,4906616.0,7433.0,4906616.0,0.0,0.0,0.0,0.0,0.0,0.19779253005981445,1.0,5619283
ludcmp,MINI3,104464.0,11493866.0,13093.0,11493866.0,0.0,0.0,0.0,0.0,0.0,0.30026865005493164,1.0,13095957
ludcmp,SMALL,233424.0,38335966.0,29213.0,38335966.0,0.0,0.0,0.0,0.0,0.0,0.6349518299102783,1.0,43590167
ludcmp,SMALL2,522864.0,128368116.0,65393.0,128368116.0,0.0,0.0,0.0,0.0,0.0,1.7280783653259277,1.0,145943316
ludcmp,SMALL3,927504.0,303083066.0,115973.0,303083066.0,0.0,0.0,0.0,0.0,0.0,3.999790906906128,1.0,344647016
mvt,MEDIUM,1292924.0,7378055.0,161633.0,7378055.0,0.0,0.0,0.0,0.0,0.0,0.5065891742706299,1.0,7440700
mvt,MINI,14204.0,75455.0,1793.0,75455.0,0.0,0.0,0.0,0.0,0.0,0.10448312759399414,1.0,138133
mvt,MINI2,30844.0,168355.0,3873.0,168355.0,0.0,0.0,0.0,0.0,0.0,0.10562682151794434,1.0,231051
mvt,MINI3,53884.0,298055.0,6753.0,298055.0,0.0,0.0,0.0,0.0,0.0,0.11024332046508789,1.0,360724
mvt,SMALL,119164.0,667855.0,14913.0,667855.0,0.0,0.0,0.0,0.0,0.0,0.12863826751708984,1.0,730538
mvt,SMALL2,265084.0,1498555.0,33153.0,1498555.0,0.0,0.0,0.0,0.0,0.0,0.1643238067626953,1.0,1561240
mvt,SMALL3,468604.0,2660455.0,58593.0,2660455.0,0.0,0.0,0.0,0.0,0.0,0.2140977382659912,1.0,2723140
nussinov,MEDIUM,1000580.0,507744543.0,562618.0,507744543.0,0.0,0.0,0.0,0.0,0.0,24.112942218780518,1.0,423475252
nussinov,MINI,14540.0,974983.0,8163.0,974983.0,0.0,0.0,0.0,0.0,0.0,1.4628877639770508,1.0,878684
nussinov,MINI2,32570.0,3166153.0,18290.0,3166153.0,0.0,0.0,0.0,0.0,0.0,2.249260187149048,1.0,2710012
nussinov,MINI3,57800.0,7357123.0,32474.0,7357123.0,0.0,0.0,0.0,0.0,0.0,3.0812935829162598,1.0,6209923
nussinov,SMALL,129860.0,24330463.0,72978.0,24330463.0,0.0,0.0,0.0,0.0,0.0,5.78228759765625,1.0,20375539
nussinov,SMALL2,230720.0,57079003.0,129689.0,57079003.0,0.0,0.0,0.0,0.0,0.0,7.921152830123901,1.0,47695432
nussinov,SMALL3,410000.0,134242923.0,230499.0,134242923.0,0.0,0.0,0.0,0.0,0.0,12.317111253738403,1.0,112051192
seidel-2d,MEDIUM,1280080.0,714860131.0,160038.0,714860131.0,0.0,0.0,0.0,0.0,0.0,8.708550930023193,1.0,715081249
seidel-2d,MINI,12880.0,1322971.0,1638.0,1322971.0,0.0,0.0,0.0,0.0,0.0,0.10907411575317383,1.0,1386069
seidel-2d,MINI2,12880.0,1322971.0,1638.0,1322971.0,0.0,0.0,0.0,0.0,0.0,0.10493636131286621,1.0,1386069
seidel-2d,MINI3,80080.0,13096921.0,10038.0,13096921.0,0.0,0.0,0.0,0.0,0.0,0.21077847480773926,1.0,13168579
seidel-2d,SMALL,115280.0,25255791.0,14438.0,25255791.0,0.0,0.0,0.0,0.0,0.0,0.31606006622314453,1.0,25331849
seidel-2d,SMALL2,259280.0,85979671.0,32438.0,85979671.0,0.0,0.0,0.0,0.0,0.0,1.081378698348999,1.0,86073189
seidel-2d,SMALL3,460880.0,204687551.0,57638.0,204687551.0,0.0,0.0,0.0,0.0,0.0,2.4261629581451416,1.0,204806269
symm,MEDIUM,1088160.0,136369360.0,136041.0,136369360.0,0.0,0.0,0.0,0.0,0.0,1.7870886325836182,1.0,150778754
symm,MINI,12960.0,192190.0,1641.0,192190.0,0.0,0.0,0.0,0.0,0.0,0.11051058769226074,1.0,271638
symm,MINI2,28960.0,620955.0,3641.0,620955.0,0.0,0.0,0.0,0.0,0.0,0.11214733123779297,1.0,742276
symm,MINI3,44960.0,1202320.0,5641.0,1202320.0,0.0,0.0,0.0,0.0,0.0,0.11817002296447754,1.0,1382266
symm,SMALL,105760.0,4226250.0,13241.0,4226250.0,0.0,0.0,0.0,0.0,0.0,0.1498715877532959,1.0,4715013
symm,SMALL2,237760.0,14043795.0,29741.0,14043795.0,0.0,0.0,0.0,0.0,0.0,0.2928898334503174,1.0,15551972
symm,SMALL3,612160.0,57808785.0,76541.0,57808785.0,0.0,0.0,0.0,0.0,0.0,0.8021342754364014,1.0,63915954
syr2k,MEDIUM,1228952.0,158450220.0,153640.0,158450220.0,0.0,0.0,0.0,0.0,0.0,2.0193889141082764,1.0,175950470
syr2k,MINI,16952.0,283530.0,2140.0,283530.0,0.0,0.0,0.0,0.0,0.0,0.1042478084564209,1.0,374999
syr2k,MINI2,37952.0,910590.0,4765.0,910590.0,0.0,0.0,0.0,0.0,0.0,0.11305117607116699,1.0,1069007
syr2k,MINI3,67352.0,2104200.0,8440.0,2104200.0,0.0,0.0,0.0,0.0,0.0,0.12358498573303223,1.0,2391469
syr2k,SMALL,128152.0,5489580.0,16040.0,5489580.0,0.0,0.0,0.0,0.0,0.0,0.16128206253051758,1.0,6144689
syr2k,SMALL2,288152.0,18181740.0,36040.0,18181740.0,0.0,0.0,0.0,0.0,0.0,0.34970903396606445,1.0,20226105
syr2k,SMALL3,691352.0,67259580.0,86440.0,67259580.0,0.0,0.0,0.0,0.0,0.0,0.9581294059753418,1.0,74700440
syrk,MEDIUM,844936.0,106010214.0,105638.0,106010214.0,0.0,0.0,0.0,0.0,0.0,1.469083309173584,1.0,123510278
syrk,MINI,12136.0,195024.0,1538.0,195024.0,0.0,0.0,0.0,0.0,0.0,0.10595917701721191,1.0,286172
syrk,MINI2,22536.0,494014.0,2838.0,494014.0,0.0,0.0,0.0,0.0,0.0,0.09896469116210938,1.0,632145
syrk,MINI3,48136.0,1426194.0,6038.0,1426194.0,0.0,0.0,0.0,0.0,0.0,0.11295104026794434,1.0,1713160
syrk,SMALL,89736.0,3701574.0,11238.0,3701574.0,0.0,0.0,0.0,0.0,0.0,0.13101506233215332,1.0,4356365
syrk,SMALL2,201736.0,12214734.0,25238.0,12214734.0,0.0,0.0,0.0,0.0,0.0,0.28559231758117676,1.0,14258587
syrk,SMALL3,475336.0,45052074.0,59438.0,45052074.0,0.0,0.0,0.0,0.0,0.0,0.7133054733276367,1.0,52492748
trisolv,MEDIUM,648092.0,2174240.0,81029.0,2174240.0,0.0,0.0,0.0,0.0,0.0,0.32300639152526855,1.0,2396265
trisolv,MINI,7292.0,23060.0,929.0,23060.0,0.0,0.0,0.0,0.0,0.0,0.11156344413757324,1.0,86772
trisolv,MINI2,15692.0,50770.0,1979.0,50770.0,0.0,0.0,0.0,0.0,0.0,0.1116950511932373,1.0,116503
trisolv,MINI3,27292.0,89280.0,3429.0,89280.0,0.0,0.0,0.0,0.0,0.0,0.09340381622314453,1.0,157787
trisolv,SMALL,60092.0,198700.0,7529.0,198700.0,0.0,0.0,0.0,0.0,0.0,0.09541606903076172,1.0,275228
trisolv,SMALL2,133292.0,443830.0,16679.0,443830.0,0.0,0.0,0.0,0.0,0.0,0.12548136711120605,1.0,538271
trisolv,SMALL3,235292.0,786160.0,29429.0,786160.0,0.0,0.0,0.0,0.0,0.0,0.1504073143005371,1.0,905801
trmm,MEDIUM,544920.0,82875245.0,68136.0,82875245.0,0.0,0.0,0.0,0.0,0.0,1.076808214187622,1.0,97264553
trmm,MINI,6600.0,117665.0,846.0,117665.0,0.0,0.0,0.0,0.0,0.0,0.10145401954650879,1.0,196617
trmm,MINI2,13440.0,337725.0,1701.0,337725.0,0.0,0.0,0.0,0.0,0.0,0.0906522274017334,1.0,451779
trmm,MINI3,25880.0,877885.0,3256.0,877885.0,0.0,0.0,0.0,0.0,0.0,0.09691596031188965,1.0,1080156
trmm,SMALL,53160.0,2573805.0,6666.0,2573805.0,0.0,0.0,0.0,0.0,0.0,0.11176323890686035,1.0,3060481
trmm,SMALL2,119280.0,8544285.0,14931.0,8544285.0,0.0,0.0,0.0,0.0,0.0,0.24152112007141113,1.0,10047941
trmm,SMALL3,306720.0,35142945.0,38361.0,35142945.0,0.0,0.0,0.0,0.0,0.0,0.5446012020111084,1.0,41238753
