workload,config,k,footprint,mean_bin_footprint,sd_bin_footprint,alpha,program_footprint,baseline_footprint,coverage,seconds
hpccg,10,1,830342.2254824869,830342.2254824869,0.0,1.0,363596.0,466746.2254824869,0.999993556920933,11.20700740814209
hpccg,10,100,830342.2254824869,259080.94384733483,647.254895332877,3.2049529122133027,363596.0,466746.2254824869,0.999993556920933,11.20700740814209
hpccg,10,250,830342.2254824869,159386.7974718599,774.9377230106315,5.20960480198547,363596.0,466746.2254824869,0.999993556920933,11.20700740814209
hpccg,10,500,830342.2254824869,97973.79821282502,698.2624924732194,8.475145810707103,363596.0,466746.2254824869,0.999993556920933,11.20700740814209
hpccg,10,750,830342.2254824869,72025.08529960946,623.2029541919522,11.528514295101976,363596.0,466746.2254824869,0.999993556920933,11.20700740814209
hpccg,10,1000,830342.2254824869,57642.91505259152,566.3772799102306,14.404931199695742,363596.0,466746.2254824869,0.999993556920933,11.20700740814209
hpccg,10,2500,830342.2254824869,27867.840838834964,403.6050700348816,29.795714360668065,363596.0,466746.2254824869,0.999993556920933,11.20700740814209
hpccg,10,5000,830342.2254824869,15561.495137092592,310.62139970108615,53.35876907504034,363596.0,466746.2254824869,0.999993556920933,11.20700740814209
hpccg,10,7500,830342.2254824869,10878.008466299092,264.9731803994173,76.332191508671,363596.0,466746.2254824869,0.999993556920933,11.20700740814209
hpccg,10,10000,830342.2254824869,8379.557265325428,235.60013084101217,99.09141965273506,363596.0,466746.2254824869,0.999993556920933,11.20700740814209
hpccg,10,25000,830342.2254824869,3552.0367257120915,157.71568648350427,233.76510143374847,363596.0,466746.2254824869,0.999993556920933,11.20700740814209
hpccg,10,50000,830342.2254824869,1826.676855777025,114.05085006449988,454.56437620943035,363596.0,466746.2254824869,0.999993556920933,11.20700740814209
hpccg,10,75000,830342.2254824869,1233.6885240082277,93.93458855868379,673.0566178768712,363596.0,466746.2254824869,0.999993556920933,11.20700740814209
hpccg,10,100000,830342.2254824869,932.5637896457421,81.77238919385395,890.3865180074313,363596.0,466746.2254824869,0.999993556920933,11.20700740814209
hpccg,12,1,1093894.225482487,1093894.225482487,0.0,1.0,627148.0,466746.2254824869,0.9999963725633354,13.751589298248291
hpccg,12,100,1093894.225482487,456186.82762552024,853.6037053740332,2.3979083990133425,627148.0,466746.2254824869,0.9999963725633354,13.751589298248291
hpccg,12,250,1093894.225482487,280683.87320446613,1031.098040257707,3.897246439540301,627148.0,466746.2254824869,0.9999963725633354,13.751589298248291
hpccg,12,500,1093894.225482487,172106.7153317342,929.6514267760853,6.355906702269086,627148.0,466746.2254824869,0.9999963725633354,13.751589298248291
hpccg,12,750,1093894.225482487,126240.11202918144,829.5484863271515,8.665187379029133,627148.0,466746.2254824869,0.9999963725633354,13.751589298248291
hpccg,12,1000,1093894.225482487,100848.74598665955,753.6415905921725,10.846879797862725,627148.0,466746.2254824869,0.9999963725633354,13.751589298248291
hpccg,12,2500,1093894.225482487,48473.84502160511,536.0776332294514,22.56668983025652,627148.0,466746.2254824869,0.9999963725633354,13.751589298248291
hpccg,12,5000,1093894.225482487,26961.52067294857,412.4558350477441,40.572423148966855,627148.0,466746.2254824869,0.9999963725633354,13.751589298248291
hpccg,12,7500,1093894.225482487,18806.402944879304,351.9825329531158,58.166052736859896,627148.0,466746.2254824869,0.9999963725633354,13.751589298248291
hpccg,12,10000,1093894.225482487,14465.28999864681,313.0778637700684,75.62200450767443,627148.0,466746.2254824869,0.9999963725633354,13.751589298248291
hpccg,12,25000,1093894.225482487,6100.562516203203,209.7818311388369,179.31038696465848,627148.0,466746.2254824869,0.9999963725633354,13.751589298248291
hpccg,12,50000,1093894.225482487,3123.492537670968,151.72699191485685,350.2150916928872,627148.0,466746.2254824869,0.9999963725633354,13.751589298248291
hpccg,12,75000,1093894.225482487,2105.0315122364536,124.89712048333932,519.656935833848,627148.0,466746.2254824869,0.9999963725633354,13.751589298248291
hpccg,12,100000,1093894.225482487,1589.6822918115856,108.64736650745238,688.1212875787251,627148.0,466746.2254824869,0.9999963725633354,13.751589298248291
hpccg,14,1,1467462.225482487,1467462.225482487,0.0,1.0,1000716.0,466746.2254824869,0.9999977600574034,15.032209634780884
hpccg,14,100,1467462.225482487,735760.9163069493,1081.0816164583296,1.9944824371049927,1000716.0,466746.2254824869,0.9999977600574034,15.032209634780884
hpccg,14,250,1467462.225482487,452578.8255502716,1311.5752815735389,3.242445608669962,1000716.0,466746.2254824869,0.9999977600574034,15.032209634780884
hpccg,14,500,1467462.225482487,277067.8691308899,1182.7192775530866,5.296399867966075,1000716.0,466746.2254824869,0.9999977600574034,15.032209634780884
hpccg,14,750,1467462.225482487,202956.92129620258,1055.1484781732402,7.230412326470109,1000716.0,466746.2254824869,0.9999977600574034,15.032209634780884
hpccg,14,1000,1467462.225482487,161965.99162236936,958.3364716174038,9.060310814531595,1000716.0,466746.2254824869,0.9999977600574034,15.032209634780884
hpccg,14,2500,1467462.225482487,77618.05344557433,680.7529585938665,18.906197209795646,1000716.0,466746.2254824869,0.9999977600574034,15.032209634780884
hpccg,14,5000,1467462.225482487,43095.47027631777,523.6244565084219,34.05142619568768,1000716.0,466746.2254824869,0.9999977600574034,15.032209634780884
hpccg,14,7500,1467462.225482487,30031.21325051119,446.9711167726857,48.864566783944625,1000716.0,466746.2254824869,0.9999977600574034,15.032209634780884
hpccg,14,10000,1467462.225482487,23082.943040922644,397.6712776042559,63.5734456772212,1000716.0,466746.2254824869,0.9999977600574034,15.032209634780884
hpccg,14,25000,1467462.225482487,9710.296601503058,266.6488606546474,151.12434621773946,1000716.0,466746.2254824869,0.9999977600574034,15.032209634780884
hpccg,14,50000,1467462.225482487,4959.314045523293,192.9043841018039,295.9002418504119,1000716.0,466746.2254824869,0.9999977600574034,15.032209634780884
hpccg,14,75000,1467462.225482487,3336.7512282339553,158.78819134356903,439.7877231798223,1000716.0,466746.2254824869,0.9999977600574034,15.032209634780884
hpccg,14,100000,1467462.225482487,2517.1802460927647,138.09694624510846,582.9786038406751,1000716.0,466746.2254824869,0.9999977600574034,15.032209634780884
hpccg,16,1,1970246.225482487,1970246.225482487,0.0,1.0,1503500.0,466746.2254824869,0.9999985213058056,17.465081930160522
hpccg,16,100,1970246.225482487,1112222.4901062595,1327.4598038899965,1.771449726119325,1503500.0,466746.2254824869,0.9999985213058056,17.465081930160522
hpccg,16,250,1970246.225482487,683897.0717024774,1614.263203127201,2.8809104571508137,1503500.0,466746.2254824869,0.9999985213058056,17.465081930160522
hpccg,16,500,1970246.225482487,418221.4527587459,1455.6555727175355,4.711011863418298,1503500.0,466746.2254824869,0.9999985213058056,17.465081930160522
hpccg,16,750,1970246.225482487,306084.93672302616,1298.4108884444338,6.436926451122118,1503500.0,466746.2254824869,0.9999985213058056,17.465081930160522
hpccg,16,1000,1970246.225482487,244103.5055406336,1179.0288234360823,8.071355719037467,1503500.0,466746.2254824869,0.9999985213058056,17.465081930160522
hpccg,16,2500,1970246.225482487,116781.1118018106,836.6487783264257,16.871274772809105,1503500.0,466746.2254824869,0.9999985213058056,17.465081930160522
hpccg,16,5000,1970246.225482487,64785.63929449325,643.3814930086359,30.411774074288665,1503500.0,466746.2254824869,0.9999985213058056,17.465081930160522
hpccg,16,7500,1970246.225482487,45125.96569744302,549.2982211132419,43.66103184788192,1503500.0,466746.2254824869,0.9999985213058056,17.465081930160522
hpccg,16,10000,1970246.225482487,34673.6330862189,488.8053316289763,56.822606981601965,1503500.0,466746.2254824869,0.9999985213058056,17.465081930160522
hpccg,16,25000,1970246.225482487,14566.417783209217,327.93424064018467,135.25948897014334,1503500.0,466746.2254824869,0.9999985213058056,17.465081930160522
hpccg,16,50000,1970246.225482487,7428.887169800757,237.28487129913057,265.2141808657095,1503500.0,466746.2254824869,0.9999985213058056,17.465081930160522
hpccg,16,75000,1970246.225482487,4993.08715172432,195.32796909631605,394.5947998929037,1503500.0,466746.2254824869,0.9999985213058056,17.465081930160522
hpccg,16,100000,1970246.225482487,3763.5365396659513,169.87172856621544,523.5092591016439,1503500.0,466746.2254824869,0.9999985213058056,17.465081930160522
hpccg,20,1,3440262.225482487,3440262.225482487,0.0,1.0,2973516.0,466746.2254824869,0.9999992582997406,24.00421452522278
hpccg,20,100,3440262.225482487,2213485.212552755,1870.9836398970342,1.55422869146477,2973516.0,466746.2254824869,0.9999992582997406,24.00421452522278
hpccg,20,250,3440262.225482487,1360104.6393728936,2280.1753993589314,2.529409962948657,2973516.0,466746.2254824869,0.9999992582997406,24.00421452522278
hpccg,20,500,3440262.225482487,830561.0320303111,2055.805841714249,4.142094431125365,2973516.0,466746.2254824869,0.9999992582997406,24.00421452522278
hpccg,20,750,3440262.225482487,607210.9127858212,1833.2145519815697,5.665679178424047,2973516.0,466746.2254824869,0.9999992582997406,24.00421452522278
hpccg,20,1000,3440262.225482487,483874.1496882556,1664.1536111748635,7.109828511605623,2973516.0,466746.2254824869,0.9999992582997406,24.00421452522278
hpccg,20,2500,3440262.225482487,231087.78446256559,1179.1565093740323,14.88725262342797,2973516.0,466746.2254824869,0.9999992582997406,24.00421452522278
hpccg,20,5000,3440262.225482487,128123.9441874921,906.427612962637,26.851048391455446,2973516.0,466746.2254824869,0.9999992582997406,24.00421452522278
hpccg,20,7500,3440262.225482487,89218.34381662164,774.0603814996765,38.56003236905588,2973516.0,466746.2254824869,0.9999992582997406,24.00421452522278
hpccg,20,10000,3440262.225482487,68537.04365512365,688.9902480461774,50.19566123677268,2973516.0,466746.2254824869,0.9999992582997406,24.00421452522278
hpccg,20,25000,3440262.225482487,28759.084316224526,462.59061831763813,119.62349661952389,2973516.0,466746.2254824869,0.9999992582997406,24.00421452522278
hpccg,20,50000,3440262.225482487,14646.195101773663,334.82216322012874,234.89119198377122,2973516.0,466746.2254824869,0.9999992582997406,24.00421452522278
hpccg,20,75000,3440262.225482487,9833.249466832129,275.6356680586307,349.86015935897933,2973516.0,466746.2254824869,0.9999992582997406,24.00421452522278
hpccg,20,100000,3440262.225482487,7404.9195994098245,239.7154969770362,464.5914353690859,2973516.0,466746.2254824869,0.9999992582997406,24.00421452522278
hpccg,24,1,5657542.225482487,5657542.225482487,0.0,1.0,5190796.0,466746.2254824869,0.9999995766010787,32.84980654716492
hpccg,24,100,5657542.225482487,3875329.2339523337,2475.3300575137287,1.4598868596546382,5190796.0,466746.2254824869,0.9999995766010787,32.84980654716492
hpccg,24,250,5657542.225482487,2379908.9270702605,3019.300231062898,2.377209548285989,5190796.0,466746.2254824869,0.9999995766010787,32.84980654716492
hpccg,24,500,5657542.225482487,1452034.8980398302,2721.697366863933,3.89628529804612,5190796.0,466746.2254824869,0.9999995766010787,32.84980654716492
hpccg,24,750,5657542.225482487,1060889.1749975295,2426.5169611432148,5.332830571577528,5190796.0,466746.2254824869,0.9999995766010787,32.84980654716492
hpccg,24,1000,5657542.225482487,845028.6790896294,2202.2876127750633,6.695089013520226,5190796.0,466746.2254824869,0.9999995766010787,32.84980654716492
hpccg,24,2500,5657542.225482487,403242.5776135622,1558.9142175659936,14.03012117163941,5190796.0,466746.2254824869,0.9999995766010787,32.84980654716492
hpccg,24,5000,5657542.225482487,223556.29749566878,1198.030312570231,25.307013440728937,5190796.0,466746.2254824869,0.9999995766010787,32.84980654716492
hpccg,24,7500,5657542.225482487,155670.08936501935,1023.2297512787122,36.34315524941039,5190796.0,466746.2254824869,0.9999995766010787,32.84980654716492
hpccg,24,10000,5657542.225482487,119581.02916432067,910.9231654529046,47.31136924493475,5190796.0,466746.2254824869,0.9999995766010787,32.84980654716492
hpccg,24,25000,5657542.225482487,50160.11049045571,611.8997311685738,112.78966832736512,5190796.0,466746.2254824869,0.9999995766010787,32.84980654716492
hpccg,24,50000,5657542.225482487,25529.627839210785,442.9954551278439,221.60692122558504,5190796.0,466746.2254824869,0.9999995766010787,32.84980654716492
hpccg,24,75000,5657542.225482487,17131.444362560105,364.7126758375004,330.243154386139,5190796.0,466746.2254824869,0.9999995766010787,32.84980654716492
hpccg,24,100000,5657542.225482487,12895.098297316368,317.1894134694089,438.735874286425,5190796.0,466746.2254824869,0.9999995766010787,32.84980654716492
hpccg,28,1,8776286.225482486,8776286.225482486,0.0,1.0,8309540.0,466746.2254824869,0.9999997359559321,48.40652847290039
hpccg,28,100,8776286.225482486,6213114.778420333,3134.575468270785,1.4125421046404414,8309540.0,466746.2254824869,0.9999997359559321,48.40652847290039
hpccg,28,250,8776286.225482486,3813914.458519931,3824.883872432602,2.3011229855659394,8309540.0,466746.2254824869,0.9999997359559321,48.40652847290039
hpccg,28,500,8776286.225482486,2325553.0822918876,3447.3197925972586,3.7738490221144505,8309540.0,466746.2254824869,0.9999997359559321,48.40652847290039
hpccg,28,750,8776286.225482486,1698390.556040159,3072.983779727414,5.167413463452495,8309540.0,466746.2254824869,0.9999997359559321,48.40652847290039
hpccg,28,1000,8776286.225482486,1352434.2174080727,2788.6038419393344,6.489251833854186,8309540.0,466746.2254824869,0.9999997359559321,48.40652847290039
hpccg,28,2500,8776286.225482486,645093.7557594706,1972.5449446167408,13.60466776670337,8309540.0,466746.2254824869,0.9999997359559321,48.40652847290039
hpccg,28,5000,8776286.225482486,357663.61854542175,1515.6079717596745,24.53782204959696,8309540.0,466746.2254824869,0.9999997359559321,48.40652847290039
hpccg,28,7500,8776286.225482486,249068.80031673046,1294.6035224080465,35.236393375332625,8309540.0,466746.2254824869,0.9999997359559321,48.40652847290039
hpccg,28,10000,8776286.225482486,191331.70579363484,1152.6435399797174,45.869481950620084,8309540.0,466746.2254824869,0.9999997359559321,48.40652847290039
hpccg,28,25000,8776286.225482486,80249.94410615144,774.5383034433282,109.3618982945778,8309540.0,466746.2254824869,0.9999997359559321,48.40652847290039
hpccg,28,50000,8776286.225482486,40833.14568777565,560.8325709403808,214.930446274921,8309540.0,466746.2254824869,0.9999997359559321,48.40652847290039
hpccg,28,75000,8776286.225482486,27393.57870590509,461.7548710433735,320.3774986723669,8309540.0,466746.2254824869,0.9999997359559321,48.40652847290039
hpccg,28,100000,8776286.225482486,20614.59385227377,401.597685342279,425.73170678860936,8309540.0,466746.2254824869,0.9999997359559321,48.40652847290039
