program,config,truth,predicted,fp_error,alpha_mape,coverage
hpccg,10,813170,830342.2254824869,2.1117632822763857,4.356082056138896,0.999993556920933
hpccg,12,1076735,1093894.225482487,1.5936349689094238,3.1327611904002897,0.9999963725633354
hpccg,14,1450320,1467462.225482487,1.1819616003700484,2.2925184372473466,0.9999977600574034
hpccg,16,1953064,1970246.225482487,0.8797574212871102,1.6626171749276084,0.9999985213058056
hpccg,20,3423048,3440262.225482487,0.5028917351578803,1.165814142155208,0.9999992582997406
hpccg,24,5640332,5657542.225482487,0.3051278804596453,0.8879073310132948,0.9999995766010789
hpccg,28,8768247,8776286.225482486,0.09168566399288465,0.5320338468206963,0.999999735955932
lulesh,5,582903,567210.2254824869,-2.6921759739636117,14.675470778089867,0.9546673110609392
lulesh,8,868203,848114.2254824869,-2.3138338058625822,5.216429490286697,0.95430342618404
lulesh,10,1248064,1196326.225482487,-4.145442422625211,4.797432858985711,0.9541985715569128
lulesh,12,1760008,1712782.225482487,-2.683270446356671,4.736757252921234,0.9541347319320066
lulesh,15,4217052,4170114.225482487,-1.1130470887604156,28.088133404665843,0.9540725428673906
lulesh,18,6868580,6840642.225482487,-0.4067474575168795,36.32692365226364,0.9540316676717304
lulesh,20,9234875,9190430.225482486,-0.48127099194644013,42.85968640576649,0.954011690836914
